20200105145102,189.40.186.130,5001,189.40.186.4,45888,4,0.0-1.0,193468,1547744
20200105145103,189.40.186.130,5001,189.40.186.4,45888,4,1.0-2.0,487140,3897120
20200105145104,189.40.186.130,5001,189.40.186.4,45888,4,2.0-3.0,450428,3603424
20200105145105,189.40.186.130,5001,189.40.186.4,45888,4,3.0-4.0,417952,3343616
20200105145106,189.40.186.130,5001,189.40.186.4,45888,4,4.0-5.0,344528,2756224
20200105145107,189.40.186.130,5001,189.40.186.4,45888,4,5.0-6.0,420776,3366208
20200105145108,189.40.186.130,5001,189.40.186.4,45888,4,6.0-7.0,406656,3253248
20200105145109,189.40.186.130,5001,189.40.186.4,45888,4,7.0-8.0,429248,3433984
20200105145110,189.40.186.130,5001,189.40.186.4,45888,4,8.0-9.0,231568,1852544
20200105145111,189.40.186.130,5001,189.40.186.4,45888,4,9.0-10.0,429248,3433984
20200105145112,189.40.186.130,5001,189.40.186.4,45888,4,10.0-11.0,749772,5998176
20200105145113,189.40.186.130,5001,189.40.186.4,45888,4,11.0-12.0,631164,5049312
20200105145114,189.40.186.130,5001,189.40.186.4,45888,4,12.0-13.0,857084,6856672
20200105145115,189.40.186.130,5001,189.40.186.4,45888,4,13.0-14.0,803428,6427424
20200105145116,189.40.186.130,5001,189.40.186.4,45888,4,14.0-15.0,938980,7511840
20200105145117,189.40.186.130,5001,189.40.186.4,45888,4,15.0-16.0,872616,6980928
20200105145118,189.40.186.130,5001,189.40.186.4,45888,4,16.0-17.0,810488,6483904
20200105145119,189.40.186.130,5001,189.40.186.4,45888,4,17.0-18.0,883912,7071296
20200105145120,189.40.186.130,5001,189.40.186.4,45888,4,18.0-19.0,951688,7613504
20200105145121,189.40.186.130,5001,189.40.186.4,45888,4,19.0-20.0,744124,5952992
20200105145122,189.40.186.130,5001,189.40.186.4,45888,4,20.0-21.0,724356,5794848
20200105145123,189.40.186.130,5001,189.40.186.4,45888,4,21.0-22.0,607160,4857280
20200105145124,189.40.186.130,5001,189.40.186.4,45888,4,22.0-23.0,779424,6235392
20200105145125,189.40.186.130,5001,189.40.186.4,45888,4,23.0-24.0,734240,5873920
20200105145126,189.40.186.130,5001,189.40.186.4,45888,4,24.0-25.0,639636,5117088
20200105145127,189.40.186.130,5001,189.40.186.4,45888,4,25.0-26.0,862732,6901856
20200105145128,189.40.186.130,5001,189.40.186.4,45888,4,26.0-27.0,794956,6359648
20200105145129,189.40.186.130,5001,189.40.186.4,45888,4,27.0-28.0,816136,6529088
20200105145130,189.40.186.130,5001,189.40.186.4,45888,4,28.0-29.0,646696,5173568
20200105145131,189.40.186.130,5001,189.40.186.4,45888,4,29.0-30.0,869792,6958336
20200105145132,189.40.186.130,5001,189.40.186.4,45888,4,30.0-31.0,944628,7557024
20200105145133,189.40.186.130,5001,189.40.186.4,45888,4,31.0-32.0,802016,6416128
20200105145134,189.40.186.130,5001,189.40.186.4,45888,4,32.0-33.0,802016,6416128
20200105145135,189.40.186.130,5001,189.40.186.4,45888,4,33.0-34.0,653756,5230048
20200105145136,189.40.186.130,5001,189.40.186.4,45888,4,34.0-35.0,567624,4540992
20200105145137,189.40.186.130,5001,189.40.186.4,45888,4,35.0-36.0,319112,2552896
20200105145138,189.40.186.130,5001,189.40.186.4,45888,4,36.0-37.0,221684,1773472
20200105145139,189.40.186.130,5001,189.40.186.4,45888,4,37.0-38.0,230156,1841248
20200105145140,189.40.186.130,5001,189.40.186.4,45888,4,38.0-39.0,230156,1841248
20200105145141,189.40.186.130,5001,189.40.186.4,45888,4,39.0-40.0,218860,1750880
20200105145142,189.40.186.130,5001,189.40.186.4,45888,4,40.0-41.0,241452,1931616
20200105145143,189.40.186.130,5001,189.40.186.4,45888,4,41.0-42.0,341704,2733632
20200105145144,189.40.186.130,5001,189.40.186.4,45888,4,42.0-43.0,665052,5320416
20200105145145,189.40.186.130,5001,189.40.186.4,45888,4,43.0-44.0,713060,5704480
20200105145146,189.40.186.130,5001,189.40.186.4,45888,4,44.0-45.0,680584,5444672
20200105145147,189.40.186.130,5001,189.40.186.4,45888,4,45.0-46.0,663640,5309120
20200105145148,189.40.186.130,5001,189.40.186.4,45888,4,46.0-47.0,473020,3784160
20200105145149,189.40.186.130,5001,189.40.186.4,45888,4,47.0-48.0,673524,5388192
20200105145150,189.40.186.130,5001,189.40.186.4,45888,4,48.0-49.0,722944,5783552
20200105145151,189.40.186.130,5001,189.40.186.4,45888,4,49.0-50.0,587392,4699136
20200105145152,189.40.186.130,5001,189.40.186.4,45888,4,50.0-51.0,522440,4179520
20200105145153,189.40.186.130,5001,189.40.186.4,45888,4,51.0-52.0,470196,3761568
20200105145154,189.40.186.130,5001,189.40.186.4,45888,4,52.0-53.0,796368,6370944
20200105145155,189.40.186.130,5001,189.40.186.4,45888,4,53.0-54.0,802016,6416128
20200105145156,189.40.186.130,5001,189.40.186.4,45888,4,54.0-55.0,674936,5399488
20200105145157,189.40.186.130,5001,189.40.186.4,45888,4,55.0-56.0,529500,4236000
20200105145158,189.40.186.130,5001,189.40.186.4,45888,4,56.0-57.0,491376,3931008
20200105145159,189.40.186.130,5001,189.40.186.4,45888,4,57.0-58.0,713060,5704480
20200105145200,189.40.186.130,5001,189.40.186.4,45888,4,58.0-59.0,778012,6224096
20200105145201,189.40.186.130,5001,189.40.186.4,45888,4,59.0-60.0,886736,7093888
20200105145202,189.40.186.130,5001,189.40.186.4,45888,4,60.0-61.0,625516,5004128
20200105145203,189.40.186.130,5001,189.40.186.4,45888,4,61.0-62.0,666464,5331712
20200105145204,189.40.186.130,5001,189.40.186.4,45888,4,62.0-63.0,429248,3433984
20200105145205,189.40.186.130,5001,189.40.186.4,45888,4,63.0-64.0,461724,3693792
20200105145206,189.40.186.130,5001,189.40.186.4,45888,4,64.0-65.0,314876,2519008
20200105145207,189.40.186.130,5001,189.40.186.4,45888,4,65.0-66.0,451840,3614720
20200105145208,189.40.186.130,5001,189.40.186.4,45888,4,66.0-67.0,585980,4687840
20200105145209,189.40.186.130,5001,189.40.186.4,45888,4,67.0-68.0,454664,3637312
20200105145210,189.40.186.130,5001,189.40.186.4,45888,4,68.0-69.0,617044,4936352
20200105145211,189.40.186.130,5001,189.40.186.4,45888,4,69.0-70.0,477256,3818048
20200105145212,189.40.186.130,5001,189.40.186.4,45888,4,70.0-71.0,463136,3705088
20200105145213,189.40.186.130,5001,189.40.186.4,45888,4,71.0-72.0,351588,2812704
20200105145214,189.40.186.130,5001,189.40.186.4,45888,4,72.0-73.0,447604,3580832
20200105145215,189.40.186.130,5001,189.40.186.4,45888,4,73.0-74.0,554916,4439328
20200105145216,189.40.186.130,5001,189.40.186.4,45888,4,74.0-75.0,309228,2473824
20200105145217,189.40.186.130,5001,189.40.186.4,45888,4,75.0-76.0,513968,4111744
20200105145218,189.40.186.130,5001,189.40.186.4,45888,4,76.0-77.0,609984,4879872
20200105145219,189.40.186.130,5001,189.40.186.4,45888,4,77.0-78.0,591628,4733024
20200105145220,189.40.186.130,5001,189.40.186.4,45888,4,78.0-79.0,393948,3151584
20200105145221,189.40.186.130,5001,189.40.186.4,45888,4,79.0-80.0,282400,2259200
20200105145222,189.40.186.130,5001,189.40.186.4,45888,4,80.0-81.0,553504,4428032
20200105145223,189.40.186.130,5001,189.40.186.4,45888,4,81.0-82.0,501260,4010080
20200105145224,189.40.186.130,5001,189.40.186.4,45888,4,82.0-83.0,425012,3400096
20200105145225,189.40.186.130,5001,189.40.186.4,45888,4,83.0-84.0,402420,3219360
20200105145226,189.40.186.130,5001,189.40.186.4,45888,4,84.0-85.0,563388,4507104
20200105145227,189.40.186.130,5001,189.40.186.4,45888,4,85.0-86.0,638224,5105792
20200105145228,189.40.186.130,5001,189.40.186.4,45888,4,86.0-87.0,422188,3377504
20200105145229,189.40.186.130,5001,189.40.186.4,45888,4,87.0-88.0,351588,2812704
20200105145230,189.40.186.130,5001,189.40.186.4,45888,4,88.0-89.0,343116,2744928
20200105145231,189.40.186.130,5001,189.40.186.4,45888,4,89.0-90.0,361472,2891776
20200105145232,189.40.186.130,5001,189.40.186.4,45888,4,90.0-91.0,343116,2744928
20200105145233,189.40.186.130,5001,189.40.186.4,45888,4,91.0-92.0,583156,4665248
20200105145234,189.40.186.130,5001,189.40.186.4,45888,4,92.0-93.0,690468,5523744
20200105145235,189.40.186.130,5001,189.40.186.4,45888,4,93.0-94.0,533736,4269888
20200105145236,189.40.186.130,5001,189.40.186.4,45888,4,94.0-95.0,549268,4394144
20200105145237,189.40.186.130,5001,189.40.186.4,45888,4,95.0-96.0,348764,2790112
20200105145238,189.40.186.130,5001,189.40.186.4,45888,4,96.0-97.0,273928,2191424
20200105145239,189.40.186.130,5001,189.40.186.4,45888,4,97.0-98.0,569036,4552288
20200105145240,189.40.186.130,5001,189.40.186.4,45888,4,98.0-99.0,532324,4258592
20200105145241,189.40.186.130,5001,189.40.186.4,45888,4,99.0-100.0,343116,2744928
20200105145242,189.40.186.130,5001,189.40.186.4,45888,4,100.0-101.0,650932,5207456
20200105145243,189.40.186.130,5001,189.40.186.4,45888,4,101.0-102.0,687644,5501152
20200105145244,189.40.186.130,5001,189.40.186.4,45888,4,102.0-103.0,403832,3230656
20200105145245,189.40.186.130,5001,189.40.186.4,45888,4,103.0-104.0,131316,1050528
20200105145246,189.40.186.130,5001,189.40.186.4,45888,4,104.0-105.0,391124,3128992
20200105145247,189.40.186.130,5001,189.40.186.4,45888,4,105.0-106.0,367120,2936960
20200105145248,189.40.186.130,5001,189.40.186.4,45888,4,106.0-107.0,372768,2982144
20200105145249,189.40.186.130,5001,189.40.186.4,45888,4,107.0-108.0,341704,2733632
20200105145250,189.40.186.130,5001,189.40.186.4,45888,4,108.0-109.0,559152,4473216
20200105145251,189.40.186.130,5001,189.40.186.4,45888,4,109.0-110.0,417952,3343616
20200105145252,189.40.186.130,5001,189.40.186.4,45888,4,110.0-111.0,440544,3524352
20200105145253,189.40.186.130,5001,189.40.186.4,45888,4,111.0-112.0,336056,2688448
20200105145254,189.40.186.130,5001,189.40.186.4,45888,4,112.0-113.0,374180,2993440
20200105145255,189.40.186.130,5001,189.40.186.4,45888,4,113.0-114.0,310640,2485120
20200105145256,189.40.186.130,5001,189.40.186.4,45888,4,114.0-115.0,173676,1389408
20200105145257,189.40.186.130,5001,189.40.186.4,45888,4,115.0-116.0,386888,3095104
20200105145258,189.40.186.130,5001,189.40.186.4,45888,4,116.0-117.0,513968,4111744
20200105145259,189.40.186.130,5001,189.40.186.4,45888,4,117.0-118.0,506908,4055264
20200105145300,189.40.186.130,5001,189.40.186.4,45888,4,118.0-119.0,426424,3411392
20200105145301,189.40.186.130,5001,189.40.186.4,45888,4,119.0-120.0,488552,3908416
20200105145302,189.40.186.130,5001,189.40.186.4,45888,4,120.0-121.0,564800,4518400
20200105145303,189.40.186.130,5001,189.40.186.4,45888,4,121.0-122.0,573272,4586176
20200105145304,189.40.186.130,5001,189.40.186.4,45888,4,122.0-123.0,372768,2982144
20200105145305,189.40.186.130,5001,189.40.186.4,45888,4,123.0-124.0,703176,5625408
20200105145306,189.40.186.130,5001,189.40.186.4,45888,4,124.0-125.0,751184,6009472
20200105145307,189.40.186.130,5001,189.40.186.4,45888,4,125.0-126.0,497024,3976192
20200105145308,189.40.186.130,5001,189.40.186.4,45888,4,126.0-127.0,451840,3614720
20200105145309,189.40.186.130,5001,189.40.186.4,45888,4,127.0-128.0,693292,5546336
20200105145310,189.40.186.130,5001,189.40.186.4,45888,4,128.0-129.0,516792,4134336
20200105145311,189.40.186.130,5001,189.40.186.4,45888,4,129.0-130.0,542208,4337664
20200105145312,189.40.186.130,5001,189.40.186.4,45888,4,130.0-131.0,786484,6291872
20200105145313,189.40.186.130,5001,189.40.186.4,45888,4,131.0-132.0,662228,5297824
20200105145314,189.40.186.130,5001,189.40.186.4,45888,4,132.0-133.0,624104,4992832
20200105145315,189.40.186.130,5001,189.40.186.4,45888,4,133.0-134.0,360060,2880480
20200105145316,189.40.186.130,5001,189.40.186.4,45888,4,134.0-135.0,269692,2157536
20200105145317,189.40.186.130,5001,189.40.186.4,45888,4,135.0-136.0,385476,3083808
20200105145318,189.40.186.130,5001,189.40.186.4,45888,4,136.0-137.0,434896,3479168
20200105145319,189.40.186.130,5001,189.40.186.4,45888,4,137.0-138.0,426424,3411392
20200105145320,189.40.186.130,5001,189.40.186.4,45888,4,138.0-139.0,475844,3806752
20200105145321,189.40.186.130,5001,189.40.186.4,45888,4,139.0-140.0,516792,4134336
20200105145322,189.40.186.130,5001,189.40.186.4,45888,4,140.0-141.0,477256,3818048
20200105145323,189.40.186.130,5001,189.40.186.4,45888,4,141.0-142.0,601512,4812096
20200105145324,189.40.186.130,5001,189.40.186.4,45888,4,142.0-143.0,593040,4744320
20200105145325,189.40.186.130,5001,189.40.186.4,45888,4,143.0-144.0,402420,3219360
20200105145326,189.40.186.130,5001,189.40.186.4,45888,4,144.0-145.0,521028,4168224
20200105145327,189.40.186.130,5001,189.40.186.4,45888,4,145.0-146.0,577508,4620064
20200105145328,189.40.186.130,5001,189.40.186.4,45888,4,146.0-147.0,581744,4653952
20200105145329,189.40.186.130,5001,189.40.186.4,45888,4,147.0-148.0,485728,3885824
20200105145330,189.40.186.130,5001,189.40.186.4,45888,4,148.0-149.0,340292,2722336
20200105145331,189.40.186.130,5001,189.40.186.4,45888,4,149.0-150.0,480080,3840640
20200105145332,189.40.186.130,5001,189.40.186.4,45888,4,150.0-151.0,577508,4620064
20200105145333,189.40.186.130,5001,189.40.186.4,45888,4,151.0-152.0,227332,1818656
20200105145334,189.40.186.130,5001,189.40.186.4,45888,4,152.0-153.0,225920,1807360
20200105145335,189.40.186.130,5001,189.40.186.4,45888,4,153.0-154.0,604336,4834688
20200105145336,189.40.186.130,5001,189.40.186.4,45888,4,154.0-155.0,425012,3400096
20200105145337,189.40.186.130,5001,189.40.186.4,45888,4,155.0-156.0,432072,3456576
20200105145338,189.40.186.130,5001,189.40.186.4,45888,4,156.0-157.0,289460,2315680
20200105145339,189.40.186.130,5001,189.40.186.4,45888,4,157.0-158.0,440544,3524352
20200105145340,189.40.186.130,5001,189.40.186.4,45888,4,158.0-159.0,552092,4416736
20200105145341,189.40.186.130,5001,189.40.186.4,45888,4,159.0-160.0,377004,3016032
20200105145342,189.40.186.130,5001,189.40.186.4,45888,4,160.0-161.0,350176,2801408
20200105145343,189.40.186.130,5001,189.40.186.4,45888,4,161.0-162.0,316288,2530304
20200105145344,189.40.186.130,5001,189.40.186.4,45888,4,162.0-163.0,344528,2756224
20200105145345,189.40.186.130,5001,189.40.186.4,45888,4,163.0-164.0,385476,3083808
20200105145346,189.40.186.130,5001,189.40.186.4,45888,4,164.0-165.0,488552,3908416
20200105145347,189.40.186.130,5001,189.40.186.4,45888,4,165.0-166.0,772364,6178912
20200105145348,189.40.186.130,5001,189.40.186.4,45888,4,166.0-167.0,722944,5783552
20200105145349,189.40.186.130,5001,189.40.186.4,45888,4,167.0-168.0,523852,4190816
20200105145350,189.40.186.130,5001,189.40.186.4,45888,4,168.0-169.0,633988,5071904
20200105145351,189.40.186.130,5001,189.40.186.4,45888,4,169.0-170.0,552092,4416736
20200105145352,189.40.186.130,5001,189.40.186.4,45888,4,170.0-171.0,655168,5241344
20200105145353,189.40.186.130,5001,189.40.186.4,45888,4,171.0-172.0,497024,3976192
20200105145354,189.40.186.130,5001,189.40.186.4,45888,4,172.0-173.0,415128,3321024
20200105145355,189.40.186.130,5001,189.40.186.4,45888,4,173.0-174.0,703176,5625408
20200105145356,189.40.186.130,5001,189.40.186.4,45888,4,174.0-175.0,487140,3897120
20200105145357,189.40.186.130,5001,189.40.186.4,45888,4,175.0-176.0,735652,5885216
20200105145358,189.40.186.130,5001,189.40.186.4,45888,4,176.0-177.0,869792,6958336
20200105145359,189.40.186.130,5001,189.40.186.4,45888,4,177.0-178.0,892384,7139072
20200105145400,189.40.186.130,5001,189.40.186.4,45888,4,178.0-179.0,909328,7274624
20200105145401,189.40.186.130,5001,189.40.186.4,45888,4,179.0-180.0,797780,6382240
20200105145402,189.40.186.130,5001,189.40.186.4,45888,4,180.0-181.0,361472,2891776
20200105145403,189.40.186.130,5001,189.40.186.4,45888,4,181.0-182.0,449016,3592128
20200105145404,189.40.186.130,5001,189.40.186.4,45888,4,182.0-183.0,598688,4789504
20200105145405,189.40.186.130,5001,189.40.186.4,45888,4,183.0-184.0,706000,5648000
20200105145406,189.40.186.130,5001,189.40.186.4,45888,4,184.0-185.0,389712,3117696
20200105145407,189.40.186.130,5001,189.40.186.4,45888,4,185.0-186.0,689056,5512448
20200105145408,189.40.186.130,5001,189.40.186.4,45888,4,186.0-187.0,614220,4913760
20200105145409,189.40.186.130,5001,189.40.186.4,45888,4,187.0-188.0,583156,4665248
20200105145410,189.40.186.130,5001,189.40.186.4,45888,4,188.0-189.0,374180,2993440
20200105145411,189.40.186.130,5001,189.40.186.4,45888,4,189.0-190.0,595864,4766912
20200105145412,189.40.186.130,5001,189.40.186.4,45888,4,190.0-191.0,600100,4800800
20200105145413,189.40.186.130,5001,189.40.186.4,45888,4,191.0-192.0,447604,3580832
20200105145414,189.40.186.130,5001,189.40.186.4,45888,4,192.0-193.0,564800,4518400
20200105145415,189.40.186.130,5001,189.40.186.4,45888,4,193.0-194.0,594452,4755616
20200105145416,189.40.186.130,5001,189.40.186.4,45888,4,194.0-195.0,636812,5094496
20200105145417,189.40.186.130,5001,189.40.186.4,45888,4,195.0-196.0,409480,3275840
20200105145418,189.40.186.130,5001,189.40.186.4,45888,4,196.0-197.0,323348,2586784
20200105145419,189.40.186.130,5001,189.40.186.4,45888,4,197.0-198.0,338880,2711040
20200105145420,189.40.186.130,5001,189.40.186.4,45888,4,198.0-199.0,348764,2790112
20200105145421,189.40.186.130,5001,189.40.186.4,45888,4,199.0-200.0,578920,4631360
20200105145422,189.40.186.130,5001,189.40.186.4,45888,4,200.0-201.0,440544,3524352
20200105145423,189.40.186.130,5001,189.40.186.4,45888,4,201.0-202.0,547856,4382848
20200105145424,189.40.186.130,5001,189.40.186.4,45888,4,202.0-203.0,622692,4981536
20200105145425,189.40.186.130,5001,189.40.186.4,45888,4,203.0-204.0,432072,3456576
20200105145426,189.40.186.130,5001,189.40.186.4,45888,4,204.0-205.0,669288,5354304
20200105145427,189.40.186.130,5001,189.40.186.4,45888,4,205.0-206.0,574684,4597472
20200105145428,189.40.186.130,5001,189.40.186.4,45888,4,206.0-207.0,612808,4902464
20200105145429,189.40.186.130,5001,189.40.186.4,45888,4,207.0-208.0,513968,4111744
20200105145430,189.40.186.130,5001,189.40.186.4,45888,4,208.0-209.0,530912,4247296
20200105145431,189.40.186.130,5001,189.40.186.4,45888,4,209.0-210.0,443368,3546944
20200105145432,189.40.186.130,5001,189.40.186.4,45888,4,210.0-211.0,691880,5535040
20200105145433,189.40.186.130,5001,189.40.186.4,45888,4,211.0-212.0,689056,5512448
20200105145434,189.40.186.130,5001,189.40.186.4,45888,4,212.0-213.0,590216,4721728
20200105145435,189.40.186.130,5001,189.40.186.4,45888,4,213.0-214.0,696116,5568928
20200105145436,189.40.186.130,5001,189.40.186.4,45888,4,214.0-215.0,655168,5241344
20200105145437,189.40.186.130,5001,189.40.186.4,45888,4,215.0-216.0,917800,7342400
20200105145438,189.40.186.130,5001,189.40.186.4,45888,4,216.0-217.0,906504,7252032
20200105145439,189.40.186.130,5001,189.40.186.4,45888,4,217.0-218.0,941804,7534432
20200105145440,189.40.186.130,5001,189.40.186.4,45888,4,218.0-219.0,862732,6901856
20200105145441,189.40.186.130,5001,189.40.186.4,45888,4,219.0-220.0,817548,6540384
20200105145442,189.40.186.130,5001,189.40.186.4,45888,4,220.0-221.0,886736,7093888
20200105145443,189.40.186.130,5001,189.40.186.4,45888,4,221.0-222.0,859908,6879264
20200105145444,189.40.186.130,5001,189.40.186.4,45888,4,222.0-223.0,816136,6529088
20200105145445,189.40.186.130,5001,189.40.186.4,45888,4,223.0-224.0,641048,5128384
20200105145446,189.40.186.130,5001,189.40.186.4,45888,4,224.0-225.0,303580,2428640
20200105145447,189.40.186.130,5001,189.40.186.4,45888,4,225.0-226.0,323348,2586784
20200105145448,189.40.186.130,5001,189.40.186.4,45888,4,226.0-227.0,296520,2372160
20200105145449,189.40.186.130,5001,189.40.186.4,45888,4,227.0-228.0,269692,2157536
20200105145450,189.40.186.130,5001,189.40.186.4,45888,4,228.0-229.0,749772,5998176
20200105145451,189.40.186.130,5001,189.40.186.4,45888,4,229.0-230.0,855672,6845376
20200105145452,189.40.186.130,5001,189.40.186.4,45888,4,230.0-231.0,734240,5873920
20200105145453,189.40.186.130,5001,189.40.186.4,45888,4,231.0-232.0,667876,5343008
20200105145454,189.40.186.130,5001,189.40.186.4,45888,4,232.0-233.0,748360,5986880
20200105145455,189.40.186.130,5001,189.40.186.4,45888,4,233.0-234.0,794956,6359648
20200105145456,189.40.186.130,5001,189.40.186.4,45888,4,234.0-235.0,739888,5919104
20200105145457,189.40.186.130,5001,189.40.186.4,45888,4,235.0-236.0,779424,6235392
20200105145458,189.40.186.130,5001,189.40.186.4,45888,4,236.0-237.0,530912,4247296
20200105145459,189.40.186.130,5001,189.40.186.4,45888,4,237.0-238.0,642460,5139680
20200105145500,189.40.186.130,5001,189.40.186.4,45888,4,238.0-239.0,522440,4179520
20200105145501,189.40.186.130,5001,189.40.186.4,45888,4,239.0-240.0,440544,3524352
20200105145502,189.40.186.130,5001,189.40.186.4,45888,4,240.0-241.0,830256,6642048
20200105145503,189.40.186.130,5001,189.40.186.4,45888,4,241.0-242.0,703176,5625408
20200105145504,189.40.186.130,5001,189.40.186.4,45888,4,242.0-243.0,700352,5602816
20200105145505,189.40.186.130,5001,189.40.186.4,45888,4,243.0-244.0,732828,5862624
20200105145506,189.40.186.130,5001,189.40.186.4,45888,4,244.0-245.0,536560,4292480
20200105145507,189.40.186.130,5001,189.40.186.4,45888,4,245.0-246.0,326172,2609376
20200105145508,189.40.186.130,5001,189.40.186.4,45888,4,246.0-247.0,285224,2281792
20200105145509,189.40.186.130,5001,189.40.186.4,45888,4,247.0-248.0,279576,2236608
20200105145510,189.40.186.130,5001,189.40.186.4,45888,4,248.0-249.0,256984,2055872
20200105145511,189.40.186.130,5001,189.40.186.4,45888,4,249.0-250.0,631164,5049312
20200105145512,189.40.186.130,5001,189.40.186.4,45888,4,250.0-251.0,710236,5681888
20200105145513,189.40.186.130,5001,189.40.186.4,45888,4,251.0-252.0,708824,5670592
20200105145514,189.40.186.130,5001,189.40.186.4,45888,4,252.0-253.0,833080,6664640
20200105145515,189.40.186.130,5001,189.40.186.4,45888,4,253.0-254.0,790720,6325760
20200105145516,189.40.186.130,5001,189.40.186.4,45888,4,254.0-255.0,745536,5964288
20200105145517,189.40.186.130,5001,189.40.186.4,45888,4,255.0-256.0,669288,5354304
20200105145518,189.40.186.130,5001,189.40.186.4,45888,4,256.0-257.0,549268,4394144
20200105145519,189.40.186.130,5001,189.40.186.4,45888,4,257.0-258.0,576096,4608768
20200105145520,189.40.186.130,5001,189.40.186.4,45888,4,258.0-259.0,629752,5038016
20200105145521,189.40.186.130,5001,189.40.186.4,45888,4,259.0-260.0,542208,4337664
20200105145522,189.40.186.130,5001,189.40.186.4,45888,4,260.0-261.0,567624,4540992
20200105145523,189.40.186.130,5001,189.40.186.4,45888,4,261.0-262.0,415128,3321024
20200105145524,189.40.186.130,5001,189.40.186.4,45888,4,262.0-263.0,385476,3083808
20200105145525,189.40.186.130,5001,189.40.186.4,45888,4,263.0-264.0,396772,3174176
20200105145526,189.40.186.130,5001,189.40.186.4,45888,4,264.0-265.0,615632,4925056
20200105145527,189.40.186.130,5001,189.40.186.4,45888,4,265.0-266.0,564800,4518400
20200105145528,189.40.186.130,5001,189.40.186.4,45888,4,266.0-267.0,429248,3433984
20200105145529,189.40.186.130,5001,189.40.186.4,45888,4,267.0-268.0,465960,3727680
20200105145530,189.40.186.130,5001,189.40.186.4,45888,4,268.0-269.0,504084,4032672
20200105145531,189.40.186.130,5001,189.40.186.4,45888,4,269.0-270.0,412304,3298432
20200105145532,189.40.186.130,5001,189.40.186.4,45888,4,270.0-271.0,535148,4281184
20200105145533,189.40.186.130,5001,189.40.186.4,45888,4,271.0-272.0,436308,3490464
20200105145534,189.40.186.130,5001,189.40.186.4,45888,4,272.0-273.0,286636,2293088
20200105145535,189.40.186.130,5001,189.40.186.4,45888,4,273.0-274.0,216036,1728288
20200105145536,189.40.186.130,5001,189.40.186.4,45888,4,274.0-275.0,324760,2598080
20200105145537,189.40.186.130,5001,189.40.186.4,45888,4,275.0-276.0,408068,3264544
20200105145538,189.40.186.130,5001,189.40.186.4,45888,4,276.0-277.0,614220,4913760
20200105145539,189.40.186.130,5001,189.40.186.4,45888,4,277.0-278.0,604336,4834688
20200105145540,189.40.186.130,5001,189.40.186.4,45888,4,278.0-279.0,580332,4642656
20200105145541,189.40.186.130,5001,189.40.186.4,45888,4,279.0-280.0,752596,6020768
20200105145542,189.40.186.130,5001,189.40.186.4,45888,4,280.0-281.0,605748,4845984
20200105145543,189.40.186.130,5001,189.40.186.4,45888,4,281.0-282.0,660816,5286528
20200105145544,189.40.186.130,5001,189.40.186.4,45888,4,282.0-283.0,498436,3987488
20200105145545,189.40.186.130,5001,189.40.186.4,45888,4,283.0-284.0,643872,5150976
20200105145546,189.40.186.130,5001,189.40.186.4,45888,4,284.0-285.0,731416,5851328
20200105145547,189.40.186.130,5001,189.40.186.4,45888,4,285.0-286.0,828844,6630752
20200105145548,189.40.186.130,5001,189.40.186.4,45888,4,286.0-287.0,739888,5919104
20200105145549,189.40.186.130,5001,189.40.186.4,45888,4,287.0-288.0,677760,5422080
20200105145550,189.40.186.130,5001,189.40.186.4,45888,4,288.0-289.0,686232,5489856
20200105145551,189.40.186.130,5001,189.40.186.4,45888,4,289.0-290.0,713060,5704480
20200105145552,189.40.186.130,5001,189.40.186.4,45888,4,290.0-291.0,574684,4597472
20200105145553,189.40.186.130,5001,189.40.186.4,45888,4,291.0-292.0,410892,3287136
20200105145554,189.40.186.130,5001,189.40.186.4,45888,4,292.0-293.0,321936,2575488
20200105145555,189.40.186.130,5001,189.40.186.4,45888,4,293.0-294.0,449016,3592128
20200105145556,189.40.186.130,5001,189.40.186.4,45888,4,294.0-295.0,388300,3106400
20200105145557,189.40.186.130,5001,189.40.186.4,45888,4,295.0-296.0,440544,3524352
20200105145558,189.40.186.130,5001,189.40.186.4,45888,4,296.0-297.0,532324,4258592
20200105145559,189.40.186.130,5001,189.40.186.4,45888,4,297.0-298.0,588804,4710432
20200105145600,189.40.186.130,5001,189.40.186.4,45888,4,298.0-299.0,633988,5071904
20200105145601,189.40.186.130,5001,189.40.186.4,45888,4,299.0-300.0,584568,4676544
20200105145602,189.40.186.130,5001,189.40.186.4,45888,4,300.0-301.0,362884,2903072
20200105145603,189.40.186.130,5001,189.40.186.4,45888,4,301.0-302.0,247100,1976800
20200105145604,189.40.186.130,5001,189.40.186.4,45888,4,302.0-303.0,364296,2914368
20200105145605,189.40.186.130,5001,189.40.186.4,45888,4,303.0-304.0,310640,2485120
20200105145606,189.40.186.130,5001,189.40.186.4,45888,4,304.0-305.0,482904,3863232
20200105145607,189.40.186.130,5001,189.40.186.4,45888,4,305.0-306.0,386888,3095104
20200105145608,189.40.186.130,5001,189.40.186.4,45888,4,306.0-307.0,450428,3603424
20200105145609,189.40.186.130,5001,189.40.186.4,45888,4,307.0-308.0,595864,4766912
20200105145610,189.40.186.130,5001,189.40.186.4,45888,4,308.0-309.0,441956,3535648
20200105145611,189.40.186.130,5001,189.40.186.4,45888,4,309.0-310.0,539384,4315072
20200105145612,189.40.186.130,5001,189.40.186.4,45888,4,310.0-311.0,523852,4190816
20200105145613,189.40.186.130,5001,189.40.186.4,45888,4,311.0-312.0,326172,2609376
20200105145614,189.40.186.130,5001,189.40.186.4,45888,4,312.0-313.0,494200,3953600
20200105145615,189.40.186.130,5001,189.40.186.4,45888,4,313.0-314.0,337468,2699744
20200105145616,189.40.186.130,5001,189.40.186.4,45888,4,314.0-315.0,271104,2168832
20200105145617,189.40.186.130,5001,189.40.186.4,45888,4,315.0-316.0,338880,2711040
20200105145618,189.40.186.130,5001,189.40.186.4,45888,4,316.0-317.0,625516,5004128
20200105145619,189.40.186.130,5001,189.40.186.4,45888,4,317.0-318.0,660816,5286528
20200105145620,189.40.186.130,5001,189.40.186.4,45888,4,318.0-319.0,488552,3908416
20200105145621,189.40.186.130,5001,189.40.186.4,45888,4,319.0-320.0,584568,4676544
20200105145622,189.40.186.130,5001,189.40.186.4,45888,4,320.0-321.0,639636,5117088
20200105145623,189.40.186.130,5001,189.40.186.4,45888,4,321.0-322.0,569036,4552288
20200105145624,189.40.186.130,5001,189.40.186.4,45888,4,322.0-323.0,684820,5478560
20200105145625,189.40.186.130,5001,189.40.186.4,45888,4,323.0-324.0,690468,5523744
20200105145626,189.40.186.130,5001,189.40.186.4,45888,4,324.0-325.0,725768,5806144
20200105145627,189.40.186.130,5001,189.40.186.4,45888,4,325.0-326.0,759656,6077248
20200105145628,189.40.186.130,5001,189.40.186.4,45888,4,326.0-327.0,697528,5580224
20200105145629,189.40.186.130,5001,189.40.186.4,45888,4,327.0-328.0,641048,5128384
20200105145630,189.40.186.130,5001,189.40.186.4,45888,4,328.0-329.0,715884,5727072
20200105145631,189.40.186.130,5001,189.40.186.4,45888,4,329.0-330.0,718708,5749664
20200105145632,189.40.186.130,5001,189.40.186.4,45888,4,330.0-331.0,707412,5659296
20200105145633,189.40.186.130,5001,189.40.186.4,45888,4,331.0-332.0,625516,5004128
20200105145634,189.40.186.130,5001,189.40.186.4,45888,4,332.0-333.0,722944,5783552
20200105145635,189.40.186.130,5001,189.40.186.4,45888,4,333.0-334.0,614220,4913760
20200105145636,189.40.186.130,5001,189.40.186.4,45888,4,334.0-335.0,638224,5105792
20200105145637,189.40.186.130,5001,189.40.186.4,45888,4,335.0-336.0,687644,5501152
20200105145638,189.40.186.130,5001,189.40.186.4,45888,4,336.0-337.0,626928,5015424
20200105145639,189.40.186.130,5001,189.40.186.4,45888,4,337.0-338.0,735652,5885216
20200105145640,189.40.186.130,5001,189.40.186.4,45888,4,338.0-339.0,617044,4936352
20200105145641,189.40.186.130,5001,189.40.186.4,45888,4,339.0-340.0,694704,5557632
20200105145642,189.40.186.130,5001,189.40.186.4,45888,4,340.0-341.0,698940,5591520
20200105145643,189.40.186.130,5001,189.40.186.4,45888,4,341.0-342.0,597276,4778208
20200105145644,189.40.186.130,5001,189.40.186.4,45888,4,342.0-343.0,598688,4789504
20200105145645,189.40.186.130,5001,189.40.186.4,45888,4,343.0-344.0,463136,3705088
20200105145646,189.40.186.130,5001,189.40.186.4,45888,4,344.0-345.0,489964,3919712
20200105145647,189.40.186.130,5001,189.40.186.4,45888,4,345.0-346.0,447604,3580832
20200105145648,189.40.186.130,5001,189.40.186.4,45888,4,346.0-347.0,419364,3354912
20200105145649,189.40.186.130,5001,189.40.186.4,45888,4,347.0-348.0,180736,1445888
20200105145650,189.40.186.130,5001,189.40.186.4,45888,4,348.0-349.0,385476,3083808
20200105145651,189.40.186.130,5001,189.40.186.4,45888,4,349.0-350.0,474432,3795456
20200105145652,189.40.186.130,5001,189.40.186.4,45888,4,350.0-351.0,433484,3467872
20200105145653,189.40.186.130,5001,189.40.186.4,45888,4,351.0-352.0,405244,3241952
20200105145654,189.40.186.130,5001,189.40.186.4,45888,4,352.0-353.0,638224,5105792
20200105145655,189.40.186.130,5001,189.40.186.4,45888,4,353.0-354.0,567624,4540992
20200105145656,189.40.186.130,5001,189.40.186.4,45888,4,354.0-355.0,484316,3874528
20200105145657,189.40.186.130,5001,189.40.186.4,45888,4,355.0-356.0,272516,2180128
20200105145658,189.40.186.130,5001,189.40.186.4,45888,4,356.0-357.0,679172,5433376
20200105145659,189.40.186.130,5001,189.40.186.4,45888,4,357.0-358.0,706000,5648000
20200105145700,189.40.186.130,5001,189.40.186.4,45888,4,358.0-359.0,674936,5399488
20200105145701,189.40.186.130,5001,189.40.186.4,45888,4,359.0-360.0,574684,4597472
20200105145702,189.40.186.130,5001,189.40.186.4,45888,4,360.0-361.0,440544,3524352
20200105145703,189.40.186.130,5001,189.40.186.4,45888,4,361.0-362.0,535148,4281184
20200105145704,189.40.186.130,5001,189.40.186.4,45888,4,362.0-363.0,578920,4631360
20200105145705,189.40.186.130,5001,189.40.186.4,45888,4,363.0-364.0,310640,2485120
20200105145706,189.40.186.130,5001,189.40.186.4,45888,4,364.0-365.0,312052,2496416
20200105145707,189.40.186.130,5001,189.40.186.4,45888,4,365.0-366.0,388300,3106400
20200105145708,189.40.186.130,5001,189.40.186.4,45888,4,366.0-367.0,336056,2688448
20200105145709,189.40.186.130,5001,189.40.186.4,45888,4,367.0-368.0,436308,3490464
20200105145710,189.40.186.130,5001,189.40.186.4,45888,4,368.0-369.0,556328,4450624
20200105145711,189.40.186.130,5001,189.40.186.4,45888,4,369.0-370.0,559152,4473216
20200105145712,189.40.186.130,5001,189.40.186.4,45888,4,370.0-371.0,602924,4823392
20200105145713,189.40.186.130,5001,189.40.186.4,45888,4,371.0-372.0,495612,3964896
20200105145714,189.40.186.130,5001,189.40.186.4,45888,4,372.0-373.0,600100,4800800
20200105145715,189.40.186.130,5001,189.40.186.4,45888,4,373.0-374.0,639636,5117088
20200105145716,189.40.186.130,5001,189.40.186.4,45888,4,374.0-375.0,618456,4947648
20200105145717,189.40.186.130,5001,189.40.186.4,45888,4,375.0-376.0,498436,3987488
20200105145718,189.40.186.130,5001,189.40.186.4,45888,4,376.0-377.0,487140,3897120
20200105145719,189.40.186.130,5001,189.40.186.4,45888,4,377.0-378.0,420776,3366208
20200105145720,189.40.186.130,5001,189.40.186.4,45888,4,378.0-379.0,429248,3433984
20200105145721,189.40.186.130,5001,189.40.186.4,45888,4,379.0-380.0,529500,4236000
20200105145722,189.40.186.130,5001,189.40.186.4,45888,4,380.0-381.0,595864,4766912
20200105145723,189.40.186.130,5001,189.40.186.4,45888,4,381.0-382.0,468784,3750272
20200105145724,189.40.186.130,5001,189.40.186.4,45888,4,382.0-383.0,475844,3806752
20200105145725,189.40.186.130,5001,189.40.186.4,45888,4,383.0-384.0,567624,4540992
20200105145726,189.40.186.130,5001,189.40.186.4,45888,4,384.0-385.0,485728,3885824
20200105145727,189.40.186.130,5001,189.40.186.4,45888,4,385.0-386.0,453252,3626016
20200105145728,189.40.186.130,5001,189.40.186.4,45888,4,386.0-387.0,451840,3614720
20200105145729,189.40.186.130,5001,189.40.186.4,45888,4,387.0-388.0,306404,2451232
20200105145730,189.40.186.130,5001,189.40.186.4,45888,4,388.0-389.0,351588,2812704
20200105145731,189.40.186.130,5001,189.40.186.4,45888,4,389.0-390.0,297932,2383456
20200105145732,189.40.186.130,5001,189.40.186.4,45888,4,390.0-391.0,323348,2586784
20200105145733,189.40.186.130,5001,189.40.186.4,45888,4,391.0-392.0,264044,2112352
20200105145734,189.40.186.130,5001,189.40.186.4,45888,4,392.0-393.0,559152,4473216
20200105145735,189.40.186.130,5001,189.40.186.4,45888,4,393.0-394.0,523852,4190816
20200105145736,189.40.186.130,5001,189.40.186.4,45888,4,394.0-395.0,556328,4450624
20200105145737,189.40.186.130,5001,189.40.186.4,45888,4,395.0-396.0,653756,5230048
20200105145738,189.40.186.130,5001,189.40.186.4,45888,4,396.0-397.0,560564,4484512
20200105145739,189.40.186.130,5001,189.40.186.4,45888,4,397.0-398.0,700352,5602816
20200105145740,189.40.186.130,5001,189.40.186.4,45888,4,398.0-399.0,576096,4608768
20200105145741,189.40.186.130,5001,189.40.186.4,45888,4,399.0-400.0,566212,4529696
20200105145742,189.40.186.130,5001,189.40.186.4,45888,4,400.0-401.0,602924,4823392
20200105145743,189.40.186.130,5001,189.40.186.4,45888,4,401.0-402.0,299344,2394752
20200105145744,189.40.186.130,5001,189.40.186.4,45888,4,402.0-403.0,314876,2519008
20200105145745,189.40.186.130,5001,189.40.186.4,45888,4,403.0-404.0,456076,3648608
20200105145746,189.40.186.130,5001,189.40.186.4,45888,4,404.0-405.0,423600,3388800
20200105145747,189.40.186.130,5001,189.40.186.4,45888,4,405.0-406.0,543620,4348960
20200105145748,189.40.186.130,5001,189.40.186.4,45888,4,406.0-407.0,384064,3072512
20200105145749,189.40.186.130,5001,189.40.186.4,45888,4,407.0-408.0,389712,3117696
20200105145750,189.40.186.130,5001,189.40.186.4,45888,4,408.0-409.0,235804,1886432
20200105145751,189.40.186.130,5001,189.40.186.4,45888,4,409.0-410.0,327584,2620672
20200105145752,189.40.186.130,5001,189.40.186.4,45888,4,410.0-411.0,282400,2259200
20200105145753,189.40.186.130,5001,189.40.186.4,45888,4,411.0-412.0,276752,2214016
20200105145754,189.40.186.130,5001,189.40.186.4,45888,4,412.0-413.0,492788,3942304
20200105145755,189.40.186.130,5001,189.40.186.4,45888,4,413.0-414.0,642460,5139680
20200105145756,189.40.186.130,5001,189.40.186.4,45888,4,414.0-415.0,728592,5828736
20200105145757,189.40.186.130,5001,189.40.186.4,45888,4,415.0-416.0,704588,5636704
20200105145758,189.40.186.130,5001,189.40.186.4,45888,4,416.0-417.0,593040,4744320
20200105145759,189.40.186.130,5001,189.40.186.4,45888,4,417.0-418.0,457488,3659904
20200105145800,189.40.186.130,5001,189.40.186.4,45888,4,418.0-419.0,752596,6020768
20200105145801,189.40.186.130,5001,189.40.186.4,45888,4,419.0-420.0,782248,6257984
20200105145802,189.40.186.130,5001,189.40.186.4,45888,4,420.0-421.0,478668,3829344
20200105145803,189.40.186.130,5001,189.40.186.4,45888,4,421.0-422.0,537972,4303776
20200105145804,189.40.186.130,5001,189.40.186.4,45888,4,422.0-423.0,933332,7466656
20200105145805,189.40.186.130,5001,189.40.186.4,45888,4,423.0-424.0,794956,6359648
20200105145806,189.40.186.130,5001,189.40.186.4,45888,4,424.0-425.0,876852,7014816
20200105145807,189.40.186.130,5001,189.40.186.4,45888,4,425.0-426.0,481492,3851936
20200105145808,189.40.186.130,5001,189.40.186.4,45888,4,426.0-427.0,607160,4857280
20200105145809,189.40.186.130,5001,189.40.186.4,45888,4,427.0-428.0,833080,6664640
20200105145810,189.40.186.130,5001,189.40.186.4,45888,4,428.0-429.0,696116,5568928
20200105145811,189.40.186.130,5001,189.40.186.4,45888,4,429.0-430.0,337468,2699744
20200105145812,189.40.186.130,5001,189.40.186.4,45888,4,430.0-431.0,676348,5410784
20200105145813,189.40.186.130,5001,189.40.186.4,45888,4,431.0-432.0,879676,7037408
20200105145814,189.40.186.130,5001,189.40.186.4,45888,4,432.0-433.0,505496,4043968
20200105145815,189.40.186.130,5001,189.40.186.4,45888,4,433.0-434.0,371356,2970848
20200105145816,189.40.186.130,5001,189.40.186.4,45888,4,434.0-435.0,612808,4902464
20200105145817,189.40.186.130,5001,189.40.186.4,45888,4,435.0-436.0,626928,5015424
20200105145818,189.40.186.130,5001,189.40.186.4,45888,4,436.0-437.0,590216,4721728
20200105145819,189.40.186.130,5001,189.40.186.4,45888,4,437.0-438.0,625516,5004128
20200105145820,189.40.186.130,5001,189.40.186.4,45888,4,438.0-439.0,802016,6416128
20200105145821,189.40.186.130,5001,189.40.186.4,45888,4,439.0-440.0,773776,6190208
20200105145822,189.40.186.130,5001,189.40.186.4,45888,4,440.0-441.0,475844,3806752
20200105145823,189.40.186.130,5001,189.40.186.4,45888,4,441.0-442.0,300756,2406048
20200105145824,189.40.186.130,5001,189.40.186.4,45888,4,442.0-443.0,552092,4416736
20200105145825,189.40.186.130,5001,189.40.186.4,45888,4,443.0-444.0,494200,3953600
20200105145826,189.40.186.130,5001,189.40.186.4,45888,4,444.0-445.0,481492,3851936
20200105145827,189.40.186.130,5001,189.40.186.4,45888,4,445.0-446.0,379828,3038624
20200105145828,189.40.186.130,5001,189.40.186.4,45888,4,446.0-447.0,511144,4089152
20200105145829,189.40.186.130,5001,189.40.186.4,45888,4,447.0-448.0,590216,4721728
20200105145830,189.40.186.130,5001,189.40.186.4,45888,4,448.0-449.0,810488,6483904
20200105145831,189.40.186.130,5001,189.40.186.4,45888,4,449.0-450.0,785072,6280576
20200105145832,189.40.186.130,5001,189.40.186.4,45888,4,450.0-451.0,652344,5218752
20200105145833,189.40.186.130,5001,189.40.186.4,45888,4,451.0-452.0,625516,5004128
20200105145834,189.40.186.130,5001,189.40.186.4,45888,4,452.0-453.0,607160,4857280
20200105145835,189.40.186.130,5001,189.40.186.4,45888,4,453.0-454.0,533736,4269888
20200105145836,189.40.186.130,5001,189.40.186.4,45888,4,454.0-455.0,687644,5501152
20200105145837,189.40.186.130,5001,189.40.186.4,45888,4,455.0-456.0,560564,4484512
20200105145838,189.40.186.130,5001,189.40.186.4,45888,4,456.0-457.0,451840,3614720
20200105145839,189.40.186.130,5001,189.40.186.4,45888,4,457.0-458.0,504084,4032672
20200105145840,189.40.186.130,5001,189.40.186.4,45888,4,458.0-459.0,460312,3682496
20200105145841,189.40.186.130,5001,189.40.186.4,45888,4,459.0-460.0,481492,3851936
20200105145842,189.40.186.130,5001,189.40.186.4,45888,4,460.0-461.0,423600,3388800
20200105145843,189.40.186.130,5001,189.40.186.4,45888,4,461.0-462.0,622692,4981536
20200105145844,189.40.186.130,5001,189.40.186.4,45888,4,462.0-463.0,528088,4224704
20200105145845,189.40.186.130,5001,189.40.186.4,45888,4,463.0-464.0,417952,3343616
20200105145846,189.40.186.130,5001,189.40.186.4,45888,4,464.0-465.0,512556,4100448
20200105145847,189.40.186.130,5001,189.40.186.4,45888,4,465.0-466.0,471608,3772864
20200105145848,189.40.186.130,5001,189.40.186.4,45888,4,466.0-467.0,317700,2541600
20200105145849,189.40.186.130,5001,189.40.186.4,45888,4,467.0-468.0,388300,3106400
20200105145850,189.40.186.130,5001,189.40.186.4,45888,4,468.0-469.0,464548,3716384
20200105145851,189.40.186.130,5001,189.40.186.4,45888,4,469.0-470.0,533736,4269888
20200105145852,189.40.186.130,5001,189.40.186.4,45888,4,470.0-471.0,666464,5331712
20200105145853,189.40.186.130,5001,189.40.186.4,45888,4,471.0-472.0,615632,4925056
20200105145854,189.40.186.130,5001,189.40.186.4,45888,4,472.0-473.0,741300,5930400
20200105145855,189.40.186.130,5001,189.40.186.4,45888,4,473.0-474.0,622692,4981536
20200105145856,189.40.186.130,5001,189.40.186.4,45888,4,474.0-475.0,720120,5760960
20200105145857,189.40.186.130,5001,189.40.186.4,45888,4,475.0-476.0,607160,4857280
20200105145858,189.40.186.130,5001,189.40.186.4,45888,4,476.0-477.0,677760,5422080
20200105145859,189.40.186.130,5001,189.40.186.4,45888,4,477.0-478.0,717296,5738368
20200105145900,189.40.186.130,5001,189.40.186.4,45888,4,478.0-479.0,631164,5049312
20200105145901,189.40.186.130,5001,189.40.186.4,45888,4,479.0-480.0,663640,5309120
20200105145902,189.40.186.130,5001,189.40.186.4,45888,4,480.0-481.0,615632,4925056
20200105145903,189.40.186.130,5001,189.40.186.4,45888,4,481.0-482.0,526676,4213408
20200105145904,189.40.186.130,5001,189.40.186.4,45888,4,482.0-483.0,680584,5444672
20200105145905,189.40.186.130,5001,189.40.186.4,45888,4,483.0-484.0,850024,6800192
20200105145906,189.40.186.130,5001,189.40.186.4,45888,4,484.0-485.0,857084,6856672
20200105145907,189.40.186.130,5001,189.40.186.4,45888,4,485.0-486.0,605748,4845984
20200105145908,189.40.186.130,5001,189.40.186.4,45888,4,486.0-487.0,554916,4439328
20200105145909,189.40.186.130,5001,189.40.186.4,45888,4,487.0-488.0,345940,2767520
20200105145910,189.40.186.130,5001,189.40.186.4,45888,4,488.0-489.0,292284,2338272
20200105145911,189.40.186.130,5001,189.40.186.4,45888,4,489.0-490.0,292284,2338272
20200105145912,189.40.186.130,5001,189.40.186.4,45888,4,490.0-491.0,317700,2541600
20200105145913,189.40.186.130,5001,189.40.186.4,45888,4,491.0-492.0,391124,3128992
20200105145914,189.40.186.130,5001,189.40.186.4,45888,4,492.0-493.0,276752,2214016
20200105145915,189.40.186.130,5001,189.40.186.4,45888,4,493.0-494.0,323348,2586784
20200105145916,189.40.186.130,5001,189.40.186.4,45888,4,494.0-495.0,327584,2620672
20200105145917,189.40.186.130,5001,189.40.186.4,45888,4,495.0-496.0,316288,2530304
20200105145918,189.40.186.130,5001,189.40.186.4,45888,4,496.0-497.0,347352,2778816
20200105145919,189.40.186.130,5001,189.40.186.4,45888,4,497.0-498.0,379828,3038624
20200105145920,189.40.186.130,5001,189.40.186.4,45888,4,498.0-499.0,252748,2021984
20200105145921,189.40.186.130,5001,189.40.186.4,45888,4,499.0-500.0,276752,2214016
20200105145922,189.40.186.130,5001,189.40.186.4,45888,4,500.0-501.0,341704,2733632
20200105145923,189.40.186.130,5001,189.40.186.4,45888,4,501.0-502.0,607160,4857280
20200105145924,189.40.186.130,5001,189.40.186.4,45888,4,502.0-503.0,730004,5840032
20200105145925,189.40.186.130,5001,189.40.186.4,45888,4,503.0-504.0,837316,6698528
20200105145926,189.40.186.130,5001,189.40.186.4,45888,4,504.0-505.0,577508,4620064
20200105145927,189.40.186.130,5001,189.40.186.4,45888,4,505.0-506.0,519616,4156928
20200105145928,189.40.186.130,5001,189.40.186.4,45888,4,506.0-507.0,340292,2722336
20200105145929,189.40.186.130,5001,189.40.186.4,45888,4,507.0-508.0,190620,1524960
20200105145930,189.40.186.130,5001,189.40.186.4,45888,4,508.0-509.0,189208,1513664
20200105145931,189.40.186.130,5001,189.40.186.4,45888,4,509.0-510.0,231568,1852544
20200105145932,189.40.186.130,5001,189.40.186.4,45888,4,510.0-511.0,295108,2360864
20200105145933,189.40.186.130,5001,189.40.186.4,45888,4,511.0-512.0,265456,2123648
20200105145934,189.40.186.130,5001,189.40.186.4,45888,4,512.0-513.0,547856,4382848
20200105145935,189.40.186.130,5001,189.40.186.4,45888,4,513.0-514.0,563388,4507104
20200105145936,189.40.186.130,5001,189.40.186.4,45888,4,514.0-515.0,811900,6495200
20200105145937,189.40.186.130,5001,189.40.186.4,45888,4,515.0-516.0,786484,6291872
20200105145938,189.40.186.130,5001,189.40.186.4,45888,4,516.0-517.0,629752,5038016
20200105145939,189.40.186.130,5001,189.40.186.4,45888,4,517.0-518.0,751184,6009472
20200105145940,189.40.186.130,5001,189.40.186.4,45888,4,518.0-519.0,768128,6145024
20200105145941,189.40.186.130,5001,189.40.186.4,45888,4,519.0-520.0,934744,7477952
20200105145942,189.40.186.130,5001,189.40.186.4,45888,4,520.0-521.0,1009580,8076640
20200105145943,189.40.186.130,5001,189.40.186.4,45888,4,521.0-522.0,727180,5817440
20200105145944,189.40.186.130,5001,189.40.186.4,45888,4,522.0-523.0,720120,5760960
20200105145945,189.40.186.130,5001,189.40.186.4,45888,4,523.0-524.0,618456,4947648
20200105145946,189.40.186.130,5001,189.40.186.4,45888,4,524.0-525.0,806252,6450016
20200105145947,189.40.186.130,5001,189.40.186.4,45888,4,525.0-526.0,681996,5455968
20200105145948,189.40.186.130,5001,189.40.186.4,45888,4,526.0-527.0,235804,1886432
20200105145949,189.40.186.130,5001,189.40.186.4,45888,4,527.0-528.0,546444,4371552
20200105145950,189.40.186.130,5001,189.40.186.4,45888,4,528.0-529.0,529500,4236000
20200105145951,189.40.186.130,5001,189.40.186.4,45888,4,529.0-530.0,457488,3659904
20200105145952,189.40.186.130,5001,189.40.186.4,45888,4,530.0-531.0,321936,2575488
20200105145953,189.40.186.130,5001,189.40.186.4,45888,4,531.0-532.0,398184,3185472
20200105145954,189.40.186.130,5001,189.40.186.4,45888,4,532.0-533.0,458900,3671200
20200105145955,189.40.186.130,5001,189.40.186.4,45888,4,533.0-534.0,536560,4292480
20200105145956,189.40.186.130,5001,189.40.186.4,45888,4,534.0-535.0,674936,5399488
20200105145957,189.40.186.130,5001,189.40.186.4,45888,4,535.0-536.0,619868,4958944
20200105145958,189.40.186.130,5001,189.40.186.4,45888,4,536.0-537.0,633988,5071904
20200105145959,189.40.186.130,5001,189.40.186.4,45888,4,537.0-538.0,706000,5648000
20200105150000,189.40.186.130,5001,189.40.186.4,45888,4,538.0-539.0,638224,5105792
20200105150001,189.40.186.130,5001,189.40.186.4,45888,4,539.0-540.0,779424,6235392
20200105150002,189.40.186.130,5001,189.40.186.4,45888,4,540.0-541.0,731416,5851328
20200105150003,189.40.186.130,5001,189.40.186.4,45888,4,541.0-542.0,642460,5139680
20200105150004,189.40.186.130,5001,189.40.186.4,45888,4,542.0-543.0,417952,3343616
20200105150005,189.40.186.130,5001,189.40.186.4,45888,4,543.0-544.0,423600,3388800
20200105150006,189.40.186.130,5001,189.40.186.4,45888,4,544.0-545.0,491376,3931008
20200105150007,189.40.186.130,5001,189.40.186.4,45888,4,545.0-546.0,480080,3840640
20200105150008,189.40.186.130,5001,189.40.186.4,45888,4,546.0-547.0,505496,4043968
20200105150009,189.40.186.130,5001,189.40.186.4,45888,4,547.0-548.0,556328,4450624
20200105150010,189.40.186.130,5001,189.40.186.4,45888,4,548.0-549.0,386888,3095104
20200105150011,189.40.186.130,5001,189.40.186.4,45888,4,549.0-550.0,501260,4010080
20200105150012,189.40.186.130,5001,189.40.186.4,45888,4,550.0-551.0,583156,4665248
20200105150013,189.40.186.130,5001,189.40.186.4,45888,4,551.0-552.0,405244,3241952
20200105150014,189.40.186.130,5001,189.40.186.4,45888,4,552.0-553.0,440544,3524352
20200105150015,189.40.186.130,5001,189.40.186.4,45888,4,553.0-554.0,432072,3456576
20200105150016,189.40.186.130,5001,189.40.186.4,45888,4,554.0-555.0,570448,4563584
20200105150017,189.40.186.130,5001,189.40.186.4,45888,4,555.0-556.0,471608,3772864
20200105150018,189.40.186.130,5001,189.40.186.4,45888,4,556.0-557.0,457488,3659904
20200105150019,189.40.186.130,5001,189.40.186.4,45888,4,557.0-558.0,391124,3128992
20200105150020,189.40.186.130,5001,189.40.186.4,45888,4,558.0-559.0,453252,3626016
20200105150021,189.40.186.130,5001,189.40.186.4,45888,4,559.0-560.0,385476,3083808
20200105150022,189.40.186.130,5001,189.40.186.4,45888,4,560.0-561.0,504084,4032672
20200105150023,189.40.186.130,5001,189.40.186.4,45888,4,561.0-562.0,454664,3637312
20200105150024,189.40.186.130,5001,189.40.186.4,45888,4,562.0-563.0,388300,3106400
20200105150025,189.40.186.130,5001,189.40.186.4,45888,4,563.0-564.0,519616,4156928
20200105150026,189.40.186.130,5001,189.40.186.4,45888,4,564.0-565.0,618456,4947648
20200105150027,189.40.186.130,5001,189.40.186.4,45888,4,565.0-566.0,600100,4800800
20200105150028,189.40.186.130,5001,189.40.186.4,45888,4,566.0-567.0,432072,3456576
20200105150029,189.40.186.130,5001,189.40.186.4,45888,4,567.0-568.0,662228,5297824
20200105150030,189.40.186.130,5001,189.40.186.4,45888,4,568.0-569.0,703176,5625408
20200105150031,189.40.186.130,5001,189.40.186.4,45888,4,569.0-570.0,780836,6246688
20200105150032,189.40.186.130,5001,189.40.186.4,45888,4,570.0-571.0,800604,6404832
20200105150033,189.40.186.130,5001,189.40.186.4,45888,4,571.0-572.0,604336,4834688
20200105150034,189.40.186.130,5001,189.40.186.4,45888,4,572.0-573.0,670700,5365600
20200105150035,189.40.186.130,5001,189.40.186.4,45888,4,573.0-574.0,706000,5648000
20200105150036,189.40.186.130,5001,189.40.186.4,45888,4,574.0-575.0,672112,5376896
20200105150037,189.40.186.130,5001,189.40.186.4,45888,4,575.0-576.0,635400,5083200
20200105150038,189.40.186.130,5001,189.40.186.4,45888,4,576.0-577.0,467372,3738976
20200105150039,189.40.186.130,5001,189.40.186.4,45888,4,577.0-578.0,617044,4936352
20200105150040,189.40.186.130,5001,189.40.186.4,45888,4,578.0-579.0,508320,4066560
20200105150041,189.40.186.130,5001,189.40.186.4,45888,4,579.0-580.0,679172,5433376
20200105150042,189.40.186.130,5001,189.40.186.4,45888,4,580.0-581.0,728592,5828736
20200105150043,189.40.186.130,5001,189.40.186.4,45888,4,581.0-582.0,446192,3569536
20200105150044,189.40.186.130,5001,189.40.186.4,45888,4,582.0-583.0,619868,4958944
20200105150045,189.40.186.130,5001,189.40.186.4,45888,4,583.0-584.0,792132,6337056
20200105150046,189.40.186.130,5001,189.40.186.4,45888,4,584.0-585.0,826020,6608160
20200105150047,189.40.186.130,5001,189.40.186.4,45888,4,585.0-586.0,649520,5196160
20200105150048,189.40.186.130,5001,189.40.186.4,45888,4,586.0-587.0,597276,4778208
20200105150049,189.40.186.130,5001,189.40.186.4,45888,4,587.0-588.0,614220,4913760
20200105150050,189.40.186.130,5001,189.40.186.4,45888,4,588.0-589.0,632576,5060608
20200105150051,189.40.186.130,5001,189.40.186.4,45888,4,589.0-590.0,708824,5670592
20200105150052,189.40.186.130,5001,189.40.186.4,45888,4,590.0-591.0,602924,4823392
20200105150053,189.40.186.130,5001,189.40.186.4,45888,4,591.0-592.0,577508,4620064
20200105150054,189.40.186.130,5001,189.40.186.4,45888,4,592.0-593.0,554916,4439328
20200105150055,189.40.186.130,5001,189.40.186.4,45888,4,593.0-594.0,530912,4247296
20200105150056,189.40.186.130,5001,189.40.186.4,45888,4,594.0-595.0,584568,4676544
20200105150057,189.40.186.130,5001,189.40.186.4,45888,4,595.0-596.0,389712,3117696
20200105150058,189.40.186.130,5001,189.40.186.4,45888,4,596.0-597.0,489964,3919712
20200105150059,189.40.186.130,5001,189.40.186.4,45888,4,597.0-598.0,604336,4834688
20200105150100,189.40.186.130,5001,189.40.186.4,45888,4,598.0-599.0,532324,4258592
20200105150101,189.40.186.130,5001,189.40.186.4,45888,4,599.0-600.0,508320,4066560
20200105150102,189.40.186.130,5001,189.40.186.4,45888,4,600.0-601.0,553504,4428032
20200105150102,189.40.186.130,5001,189.40.186.4,45888,4,0.0-601.5,328728600,4372107
