20191213142907,189.40.186.130,5001,150.165.13.86,51991,3,0.0-1.0,100752330,806018640,0.060,12278,80817,15.192,0
20191213142908,189.40.186.130,5001,150.165.13.86,51991,3,1.0-2.0,102585420,820683360,0.046,11200,80986,13.830,0
20191213142909,189.40.186.130,5001,150.165.13.86,51991,3,2.0-3.0,102069450,816555600,0.025,11681,81116,14.400,0
20191213142910,189.40.186.130,5001,150.165.13.86,51991,3,3.0-4.0,102805920,822447360,0.073,11196,81132,13.800,0
20191213142911,189.40.186.130,5001,150.165.13.86,51991,3,4.0-5.0,103169010,825352080,0.067,10923,81106,13.468,0
20191213142912,189.40.186.130,5001,150.165.13.86,51991,3,5.0-6.0,103414500,827316000,0.004,10815,81165,13.325,0
20191213142913,189.40.186.130,5001,150.165.13.86,51991,3,6.0-7.0,103246920,825975360,0.009,10796,81032,13.323,0
20191213142914,189.40.186.130,5001,150.165.13.86,51991,3,7.0-8.0,103377750,827022000,0.065,10626,80951,13.126,0
20191213142915,189.40.186.130,5001,150.165.13.86,51991,3,8.0-9.0,102852960,822823680,0.059,11268,81236,13.871,0
20191213142916,189.40.186.130,5001,150.165.13.86,51991,3,9.0-10.0,103908420,831267360,0.057,10388,81074,12.813,0
20191213142917,189.40.186.130,5001,150.165.13.86,51991,3,10.0-11.0,102642750,821142000,0.060,11209,81034,13.832,0
20191213142918,189.40.186.130,5001,150.165.13.86,51991,3,11.0-12.0,102945570,823564560,0.315,11148,81179,13.733,0
20191213142919,189.40.186.130,5001,150.165.13.86,51991,3,12.0-13.0,102178230,817425840,0.056,11501,81010,14.197,0
20191213142920,189.40.186.130,5001,150.165.13.86,51991,3,13.0-14.0,102816210,822529680,0.026,11062,81005,13.656,0
20191213142921,189.40.186.130,5001,150.165.13.86,51991,3,14.0-15.0,102707430,821659440,0.042,11237,81106,13.855,0
20191213142922,189.40.186.130,5001,150.165.13.86,51991,3,15.0-16.0,102370800,818966400,0.006,11475,81115,14.147,0
20191213142923,189.40.186.130,5001,150.165.13.86,51991,3,16.0-17.0,102858840,822870720,0.060,11128,81100,13.721,0
20191213142924,189.40.186.130,5001,150.165.13.86,51991,3,17.0-18.0,103537980,828303840,0.051,10689,81123,13.176,0
20191213142925,189.40.186.130,5001,150.165.13.86,51991,3,18.0-19.0,102426660,819413280,0.008,11315,80993,13.970,0
20191213142926,189.40.186.130,5001,150.165.13.86,51991,3,19.0-20.0,101194800,809558400,0.071,12339,81179,15.200,0
20191213142927,189.40.186.130,5001,150.165.13.86,51991,3,20.0-21.0,102026820,816214560,0.007,11733,81139,14.460,0
20191213142928,189.40.186.130,5001,150.165.13.86,51991,3,21.0-22.0,102645690,821165520,0.146,11146,80973,13.765,0
20191213142929,189.40.186.130,5001,150.165.13.86,51991,3,22.0-23.0,102700080,821600640,0.061,11244,81108,13.863,0
20191213142930,189.40.186.130,5001,150.165.13.86,51991,3,23.0-24.0,101907750,815262000,0.008,11829,81154,14.576,0
20191213142931,189.40.186.130,5001,150.165.13.86,51991,3,24.0-25.0,102995550,823964400,0.308,11092,81157,13.667,0
20191213142932,189.40.186.130,5001,150.165.13.86,51991,3,25.0-26.0,102007710,816061680,0.058,11620,81013,14.343,0
20191213142933,189.40.186.130,5001,150.165.13.86,51991,3,26.0-27.0,102453120,819624960,0.004,11414,81110,14.072,0
20191213142934,189.40.186.130,5001,150.165.13.86,51991,3,27.0-28.0,103064640,824517120,0.286,11005,81117,13.567,0
20191213142935,189.40.186.130,5001,150.165.13.86,51991,3,28.0-29.0,102426660,819413280,0.060,11295,80973,13.949,0
20191213142936,189.40.186.130,5001,150.165.13.86,51991,3,29.0-30.0,102845610,822764880,0.058,11189,81152,13.788,0
20191213142937,189.40.186.130,5001,150.165.13.86,51991,3,30.0-31.0,103404210,827233680,0.061,10759,81102,13.266,0
20191213142938,189.40.186.130,5001,150.165.13.86,51991,3,31.0-32.0,102561900,820495200,0.014,11241,81011,13.876,0
20191213142939,189.40.186.130,5001,150.165.13.86,51991,3,32.0-33.0,102710370,821682960,0.034,11224,81095,13.841,0
20191213142940,189.40.186.130,5001,150.165.13.86,51991,3,33.0-34.0,102688320,821506560,0.006,11260,81116,13.881,0
20191213142941,189.40.186.130,5001,150.165.13.86,51991,3,34.0-35.0,102904410,823235280,0.005,10998,81001,13.578,0
20191213142942,189.40.186.130,5001,150.165.13.86,51991,3,35.0-36.0,102758880,822071040,0.061,11239,81143,13.851,0
20191213142943,189.40.186.130,5001,150.165.13.86,51991,3,36.0-37.0,102513390,820107120,0.023,11317,81054,13.962,0
20191213142944,189.40.186.130,5001,150.165.13.86,51991,3,37.0-38.0,103768770,830150160,0.011,10409,81000,12.851,0
20191213142945,189.40.186.130,5001,150.165.13.86,51991,3,38.0-39.0,101916570,815332560,0.141,11859,81190,14.606,0
20191213142946,189.40.186.130,5001,150.165.13.86,51991,3,39.0-40.0,102833850,822670800,0.307,11106,81061,13.701,0
20191213142947,189.40.186.130,5001,150.165.13.86,51991,3,40.0-41.0,101938620,815508960,0.066,11767,81113,14.507,0
20191213142948,189.40.186.130,5001,150.165.13.86,51991,3,41.0-42.0,102375210,819001680,0.062,11393,81036,14.059,0
20191213142949,189.40.186.130,5001,150.165.13.86,51991,3,42.0-43.0,100631790,805054320,0.131,12666,81123,15.613,0
20191213142950,189.40.186.130,5001,150.165.13.86,51991,3,43.0-44.0,102501630,820013040,0.004,11305,81034,13.951,0
20191213142951,189.40.186.130,5001,150.165.13.86,51991,3,44.0-45.0,102832380,822659040,0.070,11211,81165,13.813,0
20191213142952,189.40.186.130,5001,150.165.13.86,51991,3,45.0-46.0,102789750,822318000,0.005,11098,81023,13.697,0
20191213142953,189.40.186.130,5001,150.165.13.86,51991,3,46.0-47.0,101993010,815944080,0.059,11680,81063,14.409,0
20191213142954,189.40.186.130,5001,150.165.13.86,51991,3,47.0-48.0,101821020,814568160,0.056,11848,81114,14.607,0
20191213142955,189.40.186.130,5001,150.165.13.86,51991,3,48.0-49.0,102720660,821765280,0.044,11207,81085,13.821,0
20191213142956,189.40.186.130,5001,150.165.13.86,51991,3,49.0-50.0,103610010,828880080,0.067,10652,81135,13.129,0
20191213142957,189.40.186.130,5001,150.165.13.86,51991,3,50.0-51.0,102710370,821682960,0.071,11139,81010,13.750,0
20191213142958,189.40.186.130,5001,150.165.13.86,51991,3,51.0-52.0,101798970,814391760,0.073,11853,81104,14.615,0
20191213142959,189.40.186.130,5001,150.165.13.86,51991,3,52.0-53.0,102357570,818860560,0.014,11417,81048,14.087,0
20191213143000,189.40.186.130,5001,150.165.13.86,51991,3,53.0-54.0,103564440,828515520,0.061,10668,81120,13.151,0
20191213143001,189.40.186.130,5001,150.165.13.86,51991,3,54.0-55.0,103508580,828068640,0.065,10709,81123,13.201,0
20191213143002,189.40.186.130,5001,150.165.13.86,51991,3,55.0-56.0,103640880,829127040,0.058,10548,81052,13.014,0
20191213143003,189.40.186.130,5001,150.165.13.86,51991,3,56.0-57.0,102272310,818178480,0.005,11495,81068,14.179,0
20191213143004,189.40.186.130,5001,150.165.13.86,51991,3,57.0-58.0,102062100,816496800,0.069,11757,81187,14.481,0
20191213143005,189.40.186.130,5001,150.165.13.86,51991,3,58.0-59.0,102217920,817743360,0.301,11590,81126,14.286,0
20191213143006,189.40.186.130,5001,150.165.13.86,51991,3,59.0-60.0,103370400,826963200,0.007,10701,81021,13.208,0
20191213143007,189.40.186.130,5001,150.165.13.86,51991,3,60.0-61.0,103001430,824011440,0.005,11068,81137,13.641,0
20191213143008,189.40.186.130,5001,150.165.13.86,51991,3,61.0-62.0,103923120,831384960,0.058,10362,81058,12.783,0
20191213143009,189.40.186.130,5001,150.165.13.86,51991,3,62.0-63.0,102838260,822706080,0.007,11057,81015,13.648,0
20191213143010,189.40.186.130,5001,150.165.13.86,51991,3,63.0-64.0,102554550,820436400,0.065,11420,81185,14.067,0
20191213143011,189.40.186.130,5001,150.165.13.86,51991,3,64.0-65.0,101105130,808841040,0.098,12240,81019,15.108,0
20191213143012,189.40.186.130,5001,150.165.13.86,51991,3,65.0-66.0,102341400,818731200,0.005,11525,81145,14.203,0
20191213143013,189.40.186.130,5001,150.165.13.86,51991,3,66.0-67.0,102294360,818354880,0.004,11501,81089,14.183,0
20191213143014,189.40.186.130,5001,150.165.13.86,51991,3,67.0-68.0,101300640,810405120,0.066,12158,81070,14.997,0
20191213143015,189.40.186.130,5001,150.165.13.86,51991,3,68.0-69.0,102755940,822047520,0.009,11146,81048,13.752,0
20191213143016,189.40.186.130,5001,150.165.13.86,51991,3,69.0-70.0,103155780,825246240,0.021,10930,81104,13.477,0
20191213143017,189.40.186.130,5001,150.165.13.86,51991,3,70.0-71.0,102031230,816249840,0.031,11665,81074,14.388,0
20191213143018,189.40.186.130,5001,150.165.13.86,51991,3,71.0-72.0,101804850,814438800,0.064,11825,81080,14.584,0
20191213143019,189.40.186.130,5001,150.165.13.86,51991,3,72.0-73.0,102357570,818860560,0.062,11537,81168,14.214,0
20191213143020,189.40.186.130,5001,150.165.13.86,51991,3,73.0-74.0,102392850,819142800,0.066,11439,81094,14.106,0
20191213143021,189.40.186.130,5001,150.165.13.86,51991,3,74.0-75.0,102259080,818072640,0.059,11524,81088,14.212,0
20191213143022,189.40.186.130,5001,150.165.13.86,51991,3,75.0-76.0,102264960,818119680,0.173,11513,81081,14.199,0
20191213143023,189.40.186.130,5001,150.165.13.86,51991,3,76.0-77.0,102732420,821859360,0.011,11164,81050,13.774,0
20191213143024,189.40.186.130,5001,150.165.13.86,51991,3,77.0-78.0,101208030,809664240,0.059,12248,81097,15.103,0
20191213143025,189.40.186.130,5001,150.165.13.86,51991,3,78.0-79.0,100637670,805101360,0.063,12627,81088,15.572,0
20191213143026,189.40.186.130,5001,150.165.13.86,51991,3,79.0-80.0,100743510,805948080,0.062,12397,80930,15.318,0
20191213143027,189.40.186.130,5001,150.165.13.86,51991,3,80.0-81.0,102986730,823893840,0.009,11256,81315,13.842,0
20191213143028,189.40.186.130,5001,150.165.13.86,51991,3,81.0-82.0,101856300,814850400,0.004,11802,81092,14.554,0
20191213143029,189.40.186.130,5001,150.165.13.86,51991,3,82.0-83.0,101507910,812063280,0.021,11959,81012,14.762,0
20191213143030,189.40.186.130,5001,150.165.13.86,51991,3,83.0-84.0,101872470,814979760,0.059,11791,81092,14.540,0
20191213143031,189.40.186.130,5001,150.165.13.86,51991,3,84.0-85.0,102331110,818648880,0.039,11489,81102,14.166,0
20191213143032,189.40.186.130,5001,150.165.13.86,51991,3,85.0-86.0,101903340,815226720,0.008,11805,81127,14.551,0
20191213143033,189.40.186.130,5001,150.165.13.86,51991,3,86.0-87.0,102670680,821365440,0.067,11318,81162,13.945,0
20191213143034,189.40.186.130,5001,150.165.13.86,51991,3,87.0-88.0,101674020,813392160,0.049,11818,80984,14.593,0
20191213143035,189.40.186.130,5001,150.165.13.86,51991,3,88.0-89.0,101369730,810957840,0.065,12126,81085,14.955,0
20191213143036,189.40.186.130,5001,150.165.13.86,51991,3,89.0-90.0,101843070,814744560,0.005,11801,81082,14.554,0
20191213143037,189.40.186.130,5001,150.165.13.86,51991,3,90.0-91.0,102148830,817190640,0.016,11570,81059,14.274,0
20191213143038,189.40.186.130,5001,150.165.13.86,51991,3,91.0-92.0,100855230,806841840,0.056,12537,81146,15.450,0
20191213143039,189.40.186.130,5001,150.165.13.86,51991,3,92.0-93.0,101075730,808605840,0.067,12278,81037,15.151,0
20191213143040,189.40.186.130,5001,150.165.13.86,51991,3,93.0-94.0,102553080,820424640,0.070,11318,81082,13.959,0
20191213143041,189.40.186.130,5001,150.165.13.86,51991,3,94.0-95.0,101894520,815156160,0.063,11768,81084,14.513,0
20191213143042,189.40.186.130,5001,150.165.13.86,51991,3,95.0-96.0,102626580,821012640,0.071,11280,81094,13.910,0
20191213143043,189.40.186.130,5001,150.165.13.86,51991,3,96.0-97.0,101762220,814097760,0.062,11916,81142,14.685,0
20191213143044,189.40.186.130,5001,150.165.13.86,51991,3,97.0-98.0,101277120,810216960,0.062,12218,81114,15.063,0
20191213143045,189.40.186.130,5001,150.165.13.86,51991,3,98.0-99.0,102170880,817367040,0.061,11543,81047,14.242,0
20191213143046,189.40.186.130,5001,150.165.13.86,51991,3,99.0-100.0,103041120,824328960,0.048,10984,81080,13.547,0
20191213143047,189.40.186.130,5001,150.165.13.86,51991,3,100.0-101.0,102067980,816543840,0.064,11653,81087,14.371,0
20191213143048,189.40.186.130,5001,150.165.13.86,51991,3,101.0-102.0,102685380,821483040,0.023,11279,81133,13.902,0
20191213143049,189.40.186.130,5001,150.165.13.86,51991,3,102.0-103.0,102032700,816261600,0.010,11623,81033,14.344,0
20191213143050,189.40.186.130,5001,150.165.13.86,51991,3,103.0-104.0,102275250,818202000,0.058,11540,81115,14.227,0
20191213143051,189.40.186.130,5001,150.165.13.86,51991,3,104.0-105.0,101674020,813392160,0.050,11954,81120,14.736,0
20191213143052,189.40.186.130,5001,150.165.13.86,51991,3,105.0-106.0,101847480,814779840,0.007,11768,81052,14.519,0
20191213143053,189.40.186.130,5001,150.165.13.86,51991,3,106.0-107.0,102554550,820436400,0.013,11318,81083,13.959,0
20191213143054,189.40.186.130,5001,150.165.13.86,51991,3,107.0-108.0,101847480,814779840,0.072,11871,81155,14.628,0
20191213143055,189.40.186.130,5001,150.165.13.86,51991,3,108.0-109.0,102539850,820318800,0.060,11305,81060,13.946,0
20191213143056,189.40.186.130,5001,150.165.13.86,51991,3,109.0-110.0,102519270,820154160,0.007,11342,81083,13.988,0
20191213143057,189.40.186.130,5001,150.165.13.86,51991,3,110.0-111.0,101503500,812028000,0.059,12108,81158,14.919,0
20191213143058,189.40.186.130,5001,150.165.13.86,51991,3,111.0-112.0,103227810,825822480,0.073,10877,81100,13.412,0
20191213143059,189.40.186.130,5001,150.165.13.86,51991,3,112.0-113.0,103218990,825751920,0.074,10794,81011,13.324,0
20191213143100,189.40.186.130,5001,150.165.13.86,51991,3,113.0-114.0,102895590,823164720,0.063,11094,81091,13.681,0
20191213143101,189.40.186.130,5001,150.165.13.86,51991,3,114.0-115.0,101632860,813062880,0.077,11931,81069,14.717,0
20191213143102,189.40.186.130,5001,150.165.13.86,51991,3,115.0-116.0,101285940,810287520,0.004,12169,81071,15.010,0
20191213143103,189.40.186.130,5001,150.165.13.86,51991,3,116.0-117.0,102872070,822976560,0.011,11162,81143,13.756,0
20191213143104,189.40.186.130,5001,150.165.13.86,51991,3,117.0-118.0,102225270,817802160,0.062,11495,81036,14.185,0
20191213143105,189.40.186.130,5001,150.165.13.86,51991,3,118.0-119.0,101178630,809429040,0.075,12249,81078,15.108,0
20191213143106,189.40.186.130,5001,150.165.13.86,51991,3,119.0-120.0,102885300,823082400,0.063,11105,81095,13.694,0
20191213143107,189.40.186.130,5001,150.165.13.86,51991,3,120.0-121.0,101557890,812463120,0.099,11975,81062,14.773,0
20191213143108,189.40.186.130,5001,150.165.13.86,51991,3,121.0-122.0,101046330,808370640,0.005,12415,81154,15.298,0
20191213143109,189.40.186.130,5001,150.165.13.86,51991,3,122.0-123.0,101806320,814450560,0.071,11767,81023,14.523,0
20191213143110,189.40.186.130,5001,150.165.13.86,51991,3,123.0-124.0,102075330,816602640,0.071,11670,81109,14.388,0
20191213143111,189.40.186.130,5001,150.165.13.86,51991,3,124.0-125.0,102288480,818307840,0.006,11583,81167,14.271,0
20191213143112,189.40.186.130,5001,150.165.13.86,51991,3,125.0-126.0,102125310,817002480,0.064,11490,80963,14.192,0
20191213143113,189.40.186.130,5001,150.165.13.86,51991,3,126.0-127.0,102197340,817578720,0.148,11656,81178,14.359,0
20191213143114,189.40.186.130,5001,150.165.13.86,51991,3,127.0-128.0,100878750,807030000,0.004,12393,81018,15.297,0
20191213143115,189.40.186.130,5001,150.165.13.86,51991,3,128.0-129.0,102012120,816096960,0.021,11706,81102,14.434,0
20191213143116,189.40.186.130,5001,150.165.13.86,51991,3,129.0-130.0,102341400,818731200,0.058,11513,81133,14.190,0
20191213143117,189.40.186.130,5001,150.165.13.86,51991,3,130.0-131.0,102482520,819860160,0.004,11420,81136,14.075,0
20191213143118,189.40.186.130,5001,150.165.13.86,51991,3,131.0-132.0,102329640,818637120,0.301,11368,80980,14.038,0
20191213143119,189.40.186.130,5001,150.165.13.86,51991,3,132.0-133.0,102047400,816379200,0.006,11760,81180,14.486,0
20191213143120,189.40.186.130,5001,150.165.13.86,51991,3,133.0-134.0,102508980,820071840,0.023,11305,81039,13.950,0
20191213143121,189.40.186.130,5001,150.165.13.86,51991,3,134.0-135.0,102757410,822059280,0.010,11114,81017,13.718,0
20191213143122,189.40.186.130,5001,150.165.13.86,51991,3,135.0-136.0,101332980,810663840,0.060,12338,81272,15.181,0
20191213143123,189.40.186.130,5001,150.165.13.86,51991,3,136.0-137.0,102287010,818296080,0.004,11286,80869,13.956,0
20191213143124,189.40.186.130,5001,150.165.13.86,51991,3,137.0-138.0,101594640,812757120,0.011,12047,81159,14.844,0
20191213143125,189.40.186.130,5001,150.165.13.86,51991,3,138.0-139.0,102517800,820142400,0.072,11291,81031,13.934,0
20191213143126,189.40.186.130,5001,150.165.13.86,51991,3,139.0-140.0,102958800,823670400,0.004,11004,81044,13.578,0
20191213143127,189.40.186.130,5001,150.165.13.86,51991,3,140.0-141.0,102606000,820848000,0.063,11372,81172,14.010,0
20191213143128,189.40.186.130,5001,150.165.13.86,51991,3,141.0-142.0,102431070,819448560,0.005,11357,81038,14.014,0
20191213143129,189.40.186.130,5001,150.165.13.86,51991,3,142.0-143.0,100931670,807453360,0.066,12465,81126,15.365,0
20191213143130,189.40.186.130,5001,150.165.13.86,51991,3,143.0-144.0,102434010,819472080,0.059,11372,81055,14.030,0
20191213143131,189.40.186.130,5001,150.165.13.86,51991,3,144.0-145.0,101809260,814474080,0.063,11858,81116,14.619,0
20191213143132,189.40.186.130,5001,150.165.13.86,51991,3,145.0-146.0,101679900,813439200,0.020,11997,81167,14.781,0
20191213143133,189.40.186.130,5001,150.165.13.86,51991,3,146.0-147.0,101125710,809005680,0.065,12272,81065,15.138,0
20191213143134,189.40.186.130,5001,150.165.13.86,51991,3,147.0-148.0,100606800,804854400,0.070,12643,81083,15.593,0
20191213143135,189.40.186.130,5001,150.165.13.86,51991,3,148.0-149.0,101779860,814238880,0.060,11866,81104,14.631,0
20191213143136,189.40.186.130,5001,150.165.13.86,51991,3,149.0-150.0,102654510,821236080,0.058,11290,81123,13.917,0
20191213143137,189.40.186.130,5001,150.165.13.86,51991,3,150.0-151.0,101657850,813262800,0.298,11835,80990,14.613,0
20191213143138,189.40.186.130,5001,150.165.13.86,51991,3,151.0-152.0,101879820,815038560,0.021,11781,81087,14.529,0
20191213143139,189.40.186.130,5001,150.165.13.86,51991,3,152.0-153.0,102553080,820424640,0.097,11230,80994,13.865,0
20191213143140,189.40.186.130,5001,150.165.13.86,51991,3,153.0-154.0,101728410,813827280,0.060,11913,81116,14.686,0
20191213143141,189.40.186.130,5001,150.165.13.86,51991,3,154.0-155.0,102006240,816049920,0.013,11805,81197,14.539,0
20191213143142,189.40.186.130,5001,150.165.13.86,51991,3,155.0-156.0,102167940,817343520,0.007,11589,81091,14.291,0
20191213143143,189.40.186.130,5001,150.165.13.86,51991,3,156.0-157.0,101784270,814274160,0.049,11785,81026,14.545,0
20191213143144,189.40.186.130,5001,150.165.13.86,51991,3,157.0-158.0,101507910,812063280,0.063,12069,81122,14.878,0
20191213143145,189.40.186.130,5001,150.165.13.86,51991,3,158.0-159.0,101843070,814744560,0.021,11792,81073,14.545,0
20191213143146,189.40.186.130,5001,150.165.13.86,51991,3,159.0-160.0,102438420,819507360,0.023,11347,81033,14.003,0
20191213143147,189.40.186.130,5001,150.165.13.86,51991,3,160.0-161.0,101729880,813839040,0.014,12031,81235,14.810,0
20191213143148,189.40.186.130,5001,150.165.13.86,51991,3,161.0-162.0,101729880,813839040,0.006,11832,81036,14.601,0
20191213143149,189.40.186.130,5001,150.165.13.86,51991,3,162.0-163.0,101293290,810346320,0.004,12112,81019,14.950,0
20191213143150,189.40.186.130,5001,150.165.13.86,51991,3,163.0-164.0,101290350,810322800,0.067,12301,81206,15.148,0
20191213143151,189.40.186.130,5001,150.165.13.86,51991,3,164.0-165.0,101031630,808253040,0.060,12303,81032,15.183,0
20191213143152,189.40.186.130,5001,150.165.13.86,51991,3,165.0-166.0,102425190,819401520,0.006,11398,81075,14.059,0
20191213143153,189.40.186.130,5001,150.165.13.86,51991,3,166.0-167.0,101225670,809805360,0.292,12241,81102,15.093,0
20191213143154,189.40.186.130,5001,150.165.13.86,51991,3,167.0-168.0,100843470,806747760,0.007,12504,81105,15.417,0
20191213143155,189.40.186.130,5001,150.165.13.86,51991,3,168.0-169.0,102110610,816884880,0.062,11712,81175,14.428,0
20191213143156,189.40.186.130,5001,150.165.13.86,51991,3,169.0-170.0,101775450,814203600,0.076,11769,81004,14.529,0
20191213143157,189.40.186.130,5001,150.165.13.86,51991,3,170.0-171.0,100949310,807594480,0.005,12336,81009,15.228,0
20191213143158,189.40.186.130,5001,150.165.13.86,51991,3,171.0-172.0,102104730,816837840,0.060,11766,81225,14.486,0
20191213143159,189.40.186.130,5001,150.165.13.86,51991,3,172.0-173.0,102157650,817261200,0.010,11530,81025,14.230,0
20191213143200,189.40.186.130,5001,150.165.13.86,51991,3,173.0-174.0,102532500,820260000,0.066,11407,81157,14.055,0
20191213143201,189.40.186.130,5001,150.165.13.86,51991,3,174.0-175.0,102070920,816567360,0.061,11681,81117,14.400,0
20191213143202,189.40.186.130,5001,150.165.13.86,51991,3,175.0-176.0,100994880,807959040,0.070,12339,81043,15.225,0
20191213143203,189.40.186.130,5001,150.165.13.86,51991,3,176.0-177.0,101128650,809029200,0.004,12195,80990,15.057,0
20191213143204,189.40.186.130,5001,150.165.13.86,51991,3,177.0-178.0,101446170,811569360,0.072,12132,81143,14.951,0
20191213143205,189.40.186.130,5001,150.165.13.86,51991,3,178.0-179.0,101216850,809734800,0.027,12077,80932,14.922,0
20191213143206,189.40.186.130,5001,150.165.13.86,51991,3,179.0-180.0,102263490,818107920,0.075,11670,81237,14.365,0
20191213143207,189.40.186.130,5001,150.165.13.86,51991,3,180.0-181.0,102175290,817402320,0.068,11695,81202,14.402,0
20191213143208,189.40.186.130,5001,150.165.13.86,51991,3,181.0-182.0,101356500,810852000,0.201,12054,81004,14.881,0
20191213143209,189.40.186.130,5001,150.165.13.86,51991,3,182.0-183.0,103229280,825834240,0.037,10770,80994,13.297,0
20191213143210,189.40.186.130,5001,150.165.13.86,51991,3,183.0-184.0,101700480,813603840,0.060,11965,81149,14.744,0
20191213143211,189.40.186.130,5001,150.165.13.86,51991,3,184.0-185.0,101887170,815097360,0.080,11790,81101,14.537,0
20191213143212,189.40.186.130,5001,150.165.13.86,51991,3,185.0-186.0,102028290,816226320,0.014,11693,81100,14.418,0
20191213143213,189.40.186.130,5001,150.165.13.86,51991,3,186.0-187.0,101837190,814697520,0.005,11841,81118,14.597,0
20191213143214,189.40.186.130,5001,150.165.13.86,51991,3,187.0-188.0,101024280,808194240,0.061,12323,81047,15.205,0
20191213143215,189.40.186.130,5001,150.165.13.86,51991,3,188.0-189.0,102012120,816096960,0.019,11779,81175,14.511,0
20191213143216,189.40.186.130,5001,150.165.13.86,51991,3,189.0-190.0,102541320,820330560,0.004,11300,81056,13.941,0
20191213143217,189.40.186.130,5001,150.165.13.86,51991,3,190.0-191.0,98315070,786520560,0.068,14417,81298,17.734,0
20191213143218,189.40.186.130,5001,150.165.13.86,51991,3,191.0-192.0,101481450,811851600,0.062,11739,80774,14.533,0
20191213143219,189.40.186.130,5001,150.165.13.86,51991,3,192.0-193.0,102156180,817249440,0.064,11569,81063,14.272,0
20191213143220,189.40.186.130,5001,150.165.13.86,51991,3,193.0-194.0,102608940,820871520,0.007,11348,81150,13.984,0
20191213143221,189.40.186.130,5001,150.165.13.86,51991,3,194.0-195.0,102287010,818296080,0.063,11461,81044,14.142,0
20191213143222,189.40.186.130,5001,150.165.13.86,51991,3,195.0-196.0,102947040,823576320,0.290,11083,81115,13.663,0
20191213143223,189.40.186.130,5001,150.165.13.86,51991,3,196.0-197.0,102364920,818919360,0.061,11471,81107,14.143,0
20191213143224,189.40.186.130,5001,150.165.13.86,51991,3,197.0-198.0,102510450,820083600,0.006,11352,81087,14.000,0
20191213143225,189.40.186.130,5001,150.165.13.86,51991,3,198.0-199.0,101912160,815297280,0.063,11772,81100,14.515,0
20191213143226,189.40.186.130,5001,150.165.13.86,51991,3,199.0-200.0,101219790,809758320,0.064,12261,81118,15.115,0
20191213143227,189.40.186.130,5001,150.165.13.86,51991,3,200.0-201.0,101446170,811569360,0.060,12033,81044,14.847,0
20191213143228,189.40.186.130,5001,150.165.13.86,51991,3,201.0-202.0,101432940,811463520,0.004,12187,81189,15.011,0
20191213143229,189.40.186.130,5001,150.165.13.86,51991,3,202.0-203.0,102248790,817990320,0.056,11417,80974,14.100,0
20191213143230,189.40.186.130,5001,150.165.13.86,51991,3,203.0-204.0,102876480,823011840,0.297,11149,81133,13.742,0
20191213143231,189.40.186.130,5001,150.165.13.86,51991,3,204.0-205.0,102336990,818695920,0.017,11499,81116,14.176,0
20191213143232,189.40.186.130,5001,150.165.13.86,51991,3,205.0-206.0,102251730,818013840,0.007,11501,81060,14.188,0
20191213143233,189.40.186.130,5001,150.165.13.86,51991,3,206.0-207.0,101959200,815673600,0.059,11717,81077,14.452,0
20191213143234,189.40.186.130,5001,150.165.13.86,51991,3,207.0-208.0,101709300,813674400,0.066,11902,81092,14.677,0
20191213143235,189.40.186.130,5001,150.165.13.86,51991,3,208.0-209.0,102292890,818343120,0.011,11523,81110,14.207,0
20191213143236,189.40.186.130,5001,150.165.13.86,51991,3,209.0-210.0,102619230,820953840,0.006,11318,81127,13.951,0
20191213143237,189.40.186.130,5001,150.165.13.86,51991,3,210.0-211.0,101387370,811098960,0.128,12067,81038,14.891,0
20191213143238,189.40.186.130,5001,150.165.13.86,51991,3,211.0-212.0,101475570,811804560,0.059,11882,80913,14.685,0
20191213143239,189.40.186.130,5001,150.165.13.86,51991,3,212.0-213.0,101857770,814862160,0.015,11730,81021,14.478,0
20191213143240,189.40.186.130,5001,150.165.13.86,51991,3,213.0-214.0,102370800,818966400,0.007,11601,81241,14.280,0
20191213143241,189.40.186.130,5001,150.165.13.86,51991,3,214.0-215.0,102720660,821765280,0.060,11299,81177,13.919,0
20191213143242,189.40.186.130,5001,150.165.13.86,51991,3,215.0-216.0,102603060,820824480,0.069,11204,81002,13.832,0
20191213143243,189.40.186.130,5001,150.165.13.86,51991,3,216.0-217.0,102179700,817437600,0.005,11631,81141,14.334,0
20191213143244,189.40.186.130,5001,150.165.13.86,51991,3,217.0-218.0,98079870,784638960,0.071,14444,81165,17.796,0
20191213143245,189.40.186.130,5001,150.165.13.86,51991,3,218.0-219.0,95148690,761189520,0.053,16387,81114,20.202,0
20191213143246,189.40.186.130,5001,150.165.13.86,51991,3,219.0-220.0,98278320,786226560,0.016,14254,81110,17.574,0
20191213143247,189.40.186.130,5001,150.165.13.86,51991,3,220.0-221.0,100370130,802961040,0.006,12572,80851,15.550,0
20191213143248,189.40.186.130,5001,150.165.13.86,51991,3,221.0-222.0,102713310,821706480,0.066,11302,81175,13.923,0
20191213143249,189.40.186.130,5001,150.165.13.86,51991,3,222.0-223.0,101990070,815920560,0.063,11534,80915,14.254,0
20191213143250,189.40.186.130,5001,150.165.13.86,51991,3,223.0-224.0,102489870,819918960,0.071,11382,81103,14.034,0
20191213143251,189.40.186.130,5001,150.165.13.86,51991,3,224.0-225.0,101988600,815908800,0.007,11924,81304,14.666,0
20191213143252,189.40.186.130,5001,150.165.13.86,51991,3,225.0-226.0,102117960,816943680,0.301,11502,80970,14.205,0
20191213143253,189.40.186.130,5001,150.165.13.86,51991,3,226.0-227.0,100561230,804489840,0.122,12488,80897,15.437,0
20191213143254,189.40.186.130,5001,150.165.13.86,51991,3,227.0-228.0,95361840,762894720,0.036,16583,81455,20.358,0
20191213143255,189.40.186.130,5001,150.165.13.86,51991,3,228.0-229.0,101904810,815238480,0.068,11634,80957,14.371,0
20191213143256,189.40.186.130,5001,150.165.13.86,51991,3,229.0-230.0,101848950,814791600,0.070,11692,80977,14.439,0
20191213143257,189.40.186.130,5001,150.165.13.86,51991,3,230.0-231.0,101601990,812815920,0.062,12141,81258,14.941,0
20191213143258,189.40.186.130,5001,150.165.13.86,51991,3,231.0-232.0,101643150,813145200,0.061,11997,81142,14.785,0
20191213143259,189.40.186.130,5001,150.165.13.86,51991,3,232.0-233.0,101860710,814885680,0.006,11784,81077,14.534,0
20191213143300,189.40.186.130,5001,150.165.13.86,51991,3,233.0-234.0,101769570,814156560,0.036,11819,81050,14.582,0
20191213143301,189.40.186.130,5001,150.165.13.86,51991,3,234.0-235.0,100756740,806053920,0.006,12554,81096,15.480,0
20191213143302,189.40.186.130,5001,150.165.13.86,51991,3,235.0-236.0,101524080,812192640,0.104,12015,81079,14.819,0
20191213143303,189.40.186.130,5001,150.165.13.86,51991,3,236.0-237.0,102591300,820730400,0.061,11374,81164,14.014,0
20191213143304,189.40.186.130,5001,150.165.13.86,51991,3,237.0-238.0,102900000,823200000,0.005,11063,81063,13.647,0
20191213143305,189.40.186.130,5001,150.165.13.86,51991,3,238.0-239.0,101738700,813909600,0.005,11899,81109,14.670,0
20191213143306,189.40.186.130,5001,150.165.13.86,51991,3,239.0-240.0,101915100,815320800,0.063,11705,81035,14.444,0
20191213143307,189.40.186.130,5001,150.165.13.86,51991,3,240.0-241.0,101869530,814956240,0.060,11757,81056,14.505,0
20191213143308,189.40.186.130,5001,150.165.13.86,51991,3,241.0-242.0,100364250,802914000,0.065,12939,81214,15.932,0
20191213143309,189.40.186.130,5001,150.165.13.86,51991,3,242.0-243.0,100311330,802490640,0.066,12860,81099,15.857,0
20191213143310,189.40.186.130,5001,150.165.13.86,51991,3,243.0-244.0,101815140,814521120,0.249,11736,80998,14.489,0
20191213143311,189.40.186.130,5001,150.165.13.86,51991,3,244.0-245.0,101772510,814180080,0.080,11873,81106,14.639,0
20191213143312,189.40.186.130,5001,150.165.13.86,51991,3,245.0-246.0,103060230,824481840,0.023,11056,81165,13.622,0
20191213143313,189.40.186.130,5001,150.165.13.86,51991,3,246.0-247.0,100758210,806065680,0.066,12525,81068,15.450,0
20191213143314,189.40.186.130,5001,150.165.13.86,51991,3,247.0-248.0,99874740,798997920,0.008,13320,81262,16.391,0
20191213143315,189.40.186.130,5001,150.165.13.86,51991,3,248.0-249.0,101541720,812333760,0.064,12001,81077,14.802,0
20191213143316,189.40.186.130,5001,150.165.13.86,51991,3,249.0-250.0,102073860,816590880,0.070,11437,80875,14.142,0
20191213143317,189.40.186.130,5001,150.165.13.86,51991,3,250.0-251.0,101900400,815203200,0.061,11804,81124,14.551,0
20191213143318,189.40.186.130,5001,150.165.13.86,51991,3,251.0-252.0,102604530,820836240,0.023,11355,81154,13.992,0
20191213143319,189.40.186.130,5001,150.165.13.86,51991,3,252.0-253.0,102198810,817590480,0.012,11452,80975,14.143,0
20191213143320,189.40.186.130,5001,150.165.13.86,51991,3,253.0-254.0,102732420,821859360,0.061,11180,81066,13.791,0
20191213143321,189.40.186.130,5001,150.165.13.86,51991,3,254.0-255.0,100975770,807806160,0.048,12416,81107,15.308,0
20191213143322,189.40.186.130,5001,150.165.13.86,51991,3,255.0-256.0,102294360,818354880,0.197,11561,81149,14.247,0
20191213143323,189.40.186.130,5001,150.165.13.86,51991,3,256.0-257.0,102025350,816202800,0.069,11692,81097,14.417,0
20191213143324,189.40.186.130,5001,150.165.13.86,51991,3,257.0-258.0,101430000,811440000,0.061,12071,81071,14.889,0
20191213143325,189.40.186.130,5001,150.165.13.86,51991,3,258.0-259.0,100686180,805489440,0.019,12641,81135,15.580,0
20191213143326,189.40.186.130,5001,150.165.13.86,51991,3,259.0-260.0,101388840,811110720,0.061,12119,81091,14.945,0
20191213143327,189.40.186.130,5001,150.165.13.86,51991,3,260.0-261.0,102120900,816967200,0.032,11571,81041,14.278,0
20191213143328,189.40.186.130,5001,150.165.13.86,51991,3,261.0-262.0,102163530,817308240,0.064,11642,81141,14.348,0
20191213143329,189.40.186.130,5001,150.165.13.86,51991,3,262.0-263.0,101798970,814391760,0.007,11778,81029,14.536,0
20191213143330,189.40.186.130,5001,150.165.13.86,51991,3,263.0-264.0,102388440,819107520,0.068,11422,81074,14.088,0
20191213143331,189.40.186.130,5001,150.165.13.86,51991,3,264.0-265.0,100384830,803078640,0.061,12858,81147,15.845,0
20191213143332,189.40.186.130,5001,150.165.13.86,51991,3,265.0-266.0,101868060,814944480,0.059,11725,81023,14.471,0
20191213143333,189.40.186.130,5001,150.165.13.86,51991,3,266.0-267.0,100978710,807829680,0.072,12429,81122,15.321,0
20191213143334,189.40.186.130,5001,150.165.13.86,51991,3,267.0-268.0,101382960,811063680,0.111,12026,80994,14.848,0
20191213143335,189.40.186.130,5001,150.165.13.86,51991,3,268.0-269.0,102150300,817202400,0.062,11585,81075,14.289,0
20191213143336,189.40.186.130,5001,150.165.13.86,51991,3,269.0-270.0,101601990,812815920,0.061,12055,81172,14.851,0
20191213143337,189.40.186.130,5001,150.165.13.86,51991,3,270.0-271.0,101460870,811686960,0.059,12061,81082,14.875,0
20191213143338,189.40.186.130,5001,150.165.13.86,51991,3,271.0-272.0,102192930,817543440,0.010,11615,81134,14.316,0
20191213143339,189.40.186.130,5001,150.165.13.86,51991,3,272.0-273.0,101031630,808253040,0.063,12356,81085,15.238,0
20191213143340,189.40.186.130,5001,150.165.13.86,51991,3,273.0-274.0,102032700,816261600,0.062,11644,81054,14.366,0
20191213143341,189.40.186.130,5001,150.165.13.86,51991,3,274.0-275.0,101255070,810040560,0.229,12209,81090,15.056,0
20191213143342,189.40.186.130,5001,150.165.13.86,51991,3,275.0-276.0,101679900,813439200,0.059,11862,81032,14.639,0
20191213143343,189.40.186.130,5001,150.165.13.86,51991,3,276.0-277.0,101171280,809370240,0.063,12244,81068,15.103,0
20191213143344,189.40.186.130,5001,150.165.13.86,51991,3,277.0-278.0,102204690,817637520,0.073,11633,81160,14.333,0
20191213143345,189.40.186.130,5001,150.165.13.86,51991,3,278.0-279.0,101979780,815838240,0.063,11659,81033,14.388,0
20191213143346,189.40.186.130,5001,150.165.13.86,51991,3,279.0-280.0,101826900,814615200,0.004,11787,81057,14.542,0
20191213143347,189.40.186.130,5001,150.165.13.86,51991,3,280.0-281.0,100921380,807371040,0.059,12475,81129,15.377,0
20191213143348,189.40.186.130,5001,150.165.13.86,51991,3,281.0-282.0,101963610,815708880,0.010,11692,81055,14.425,0
20191213143349,189.40.186.130,5001,150.165.13.86,51991,3,282.0-283.0,101665200,813321600,0.028,11972,81132,14.756,0
20191213143350,189.40.186.130,5001,150.165.13.86,51991,3,283.0-284.0,100611210,804889680,0.035,12709,81152,15.661,0
20191213143351,189.40.186.130,5001,150.165.13.86,51991,3,284.0-285.0,101296230,810369840,0.070,12191,81100,15.032,0
20191213143352,189.40.186.130,5001,150.165.13.86,51991,3,285.0-286.0,101672550,813380400,0.077,11948,81113,14.730,0
20191213143353,189.40.186.130,5001,150.165.13.86,51991,3,286.0-287.0,101221260,809770080,0.058,12296,81154,15.151,0
20191213143354,189.40.186.130,5001,150.165.13.86,51991,3,287.0-288.0,102204690,817637520,0.006,11499,81026,14.192,0
20191213143355,189.40.186.130,5001,150.165.13.86,51991,3,288.0-289.0,101438820,811510560,0.012,12015,81021,14.829,0
20191213143356,189.40.186.130,5001,150.165.13.86,51991,3,289.0-290.0,102322290,818578320,0.058,11557,81164,14.239,0
20191213143357,189.40.186.130,5001,150.165.13.86,51991,3,290.0-291.0,100908150,807265200,0.006,12494,81139,15.398,0
20191213143358,189.40.186.130,5001,150.165.13.86,51991,3,291.0-292.0,101638740,813109920,0.005,11893,81035,14.676,0
20191213143359,189.40.186.130,5001,150.165.13.86,51991,3,292.0-293.0,103005840,824046720,0.106,11018,81090,13.587,0
20191213143400,189.40.186.130,5001,150.165.13.86,51991,3,293.0-294.0,101694600,813556800,0.006,11960,81140,14.740,0
20191213143401,189.40.186.130,5001,150.165.13.86,51991,3,294.0-295.0,100721460,805771680,0.047,12169,80687,15.082,0
20191213143402,189.40.186.130,5001,150.165.13.86,51991,3,295.0-296.0,99372000,794976000,0.062,13972,81572,17.128,0
20191213143403,189.40.186.130,5001,150.165.13.86,51991,3,296.0-297.0,100351020,802808160,0.071,12534,80800,15.512,0
20191213143404,189.40.186.130,5001,150.165.13.86,51991,3,297.0-298.0,101644620,813156960,0.009,12157,81303,14.953,0
20191213143405,189.40.186.130,5001,150.165.13.86,51991,3,298.0-299.0,101772510,814180080,0.021,11676,80909,14.431,0
20191213143406,189.40.186.130,5001,150.165.13.86,51991,3,299.0-300.0,101806320,814450560,0.070,11720,80976,14.473,0
20191213143407,189.40.186.130,5001,150.165.13.86,51991,3,300.0-301.0,101885700,815085600,0.061,11966,81276,14.723,0
20191213143408,189.40.186.130,5001,150.165.13.86,51991,3,301.0-302.0,102179700,817437600,0.066,11524,81034,14.221,0
20191213143409,189.40.186.130,5001,150.165.13.86,51991,3,302.0-303.0,101274180,810193440,0.066,12152,81046,14.994,0
20191213143410,189.40.186.130,5001,150.165.13.86,51991,3,303.0-304.0,101901870,815214960,0.068,11852,81173,14.601,0
20191213143411,189.40.186.130,5001,150.165.13.86,51991,3,304.0-305.0,101080140,808641120,0.064,12302,81064,15.176,0
20191213143412,189.40.186.130,5001,150.165.13.86,51991,3,305.0-306.0,101893050,815144400,0.006,11771,81086,14.517,0
20191213143413,189.40.186.130,5001,150.165.13.86,51991,3,306.0-307.0,101618160,812945280,0.278,11922,81050,14.709,0
20191213143414,189.40.186.130,5001,150.165.13.86,51991,3,307.0-308.0,99219120,793752960,0.008,13805,81301,16.980,0
20191213143415,189.40.186.130,5001,150.165.13.86,51991,3,308.0-309.0,101058090,808464720,0.052,12009,80756,14.871,0
20191213143416,189.40.186.130,5001,150.165.13.86,51991,3,309.0-310.0,102997020,823976160,0.061,11289,81355,13.876,0
20191213143417,189.40.186.130,5001,150.165.13.86,51991,3,310.0-311.0,103030830,824246640,0.157,10945,81034,13.507,0
20191213143418,189.40.186.130,5001,150.165.13.86,51991,3,311.0-312.0,103271910,826175280,0.074,10874,81127,13.404,0
20191213143419,189.40.186.130,5001,150.165.13.86,51991,3,312.0-313.0,101682840,813462720,0.089,11810,80982,14.583,0
20191213143420,189.40.186.130,5001,150.165.13.86,51991,3,313.0-314.0,102661860,821294880,0.004,11312,81150,13.940,0
20191213143421,189.40.186.130,5001,150.165.13.86,51991,3,314.0-315.0,102106200,816849600,0.059,11497,80957,14.201,0
20191213143422,189.40.186.130,5001,150.165.13.86,51991,3,315.0-316.0,102034170,816273360,0.007,11834,81245,14.566,0
20191213143423,189.40.186.130,5001,150.165.13.86,51991,3,316.0-317.0,101552010,812416080,0.059,11987,81070,14.786,0
20191213143424,189.40.186.130,5001,150.165.13.86,51991,3,317.0-318.0,102554550,820436400,0.043,11397,81162,14.042,0
20191213143425,189.40.186.130,5001,150.165.13.86,51991,3,318.0-319.0,100652370,805218960,0.098,12645,81116,15.589,0
20191213143426,189.40.186.130,5001,150.165.13.86,51991,3,319.0-320.0,102107670,816861360,0.004,11701,81162,14.417,0
20191213143427,189.40.186.130,5001,150.165.13.86,51991,3,320.0-321.0,101258010,810064080,0.063,12108,80991,14.950,0
20191213143428,189.40.186.130,5001,150.165.13.86,51991,3,321.0-322.0,101782800,814262400,0.211,11914,81154,14.681,0
20191213143429,189.40.186.130,5001,150.165.13.86,51991,3,322.0-323.0,100642080,805136640,0.061,12547,81011,15.488,0
20191213143430,189.40.186.130,5001,150.165.13.86,51991,3,323.0-324.0,101124240,808993920,0.195,12277,81069,15.144,0
20191213143431,189.40.186.130,5001,150.165.13.86,51991,3,324.0-325.0,100381890,803055120,0.310,12838,81125,15.825,0
20191213143432,189.40.186.130,5001,150.165.13.86,51991,3,325.0-326.0,102407550,819260400,0.071,11478,81143,14.145,0
20191213143433,189.40.186.130,5001,150.165.13.86,51991,3,326.0-327.0,101541720,812333760,0.006,12043,81119,14.846,0
20191213143434,189.40.186.130,5001,150.165.13.86,51991,3,327.0-328.0,101191860,809534880,0.066,12269,81107,15.127,0
20191213143435,189.40.186.130,5001,150.165.13.86,51991,3,328.0-329.0,101529960,812239680,0.138,11906,80974,14.703,0
20191213143436,189.40.186.130,5001,150.165.13.86,51991,3,329.0-330.0,102435480,819483840,0.005,11444,81128,14.106,0
20191213143437,189.40.186.130,5001,150.165.13.86,51991,3,330.0-331.0,102444300,819554400,0.066,11463,81153,14.125,0
20191213143438,189.40.186.130,5001,150.165.13.86,51991,3,331.0-332.0,102251730,818013840,0.007,11492,81051,14.179,0
20191213143439,189.40.186.130,5001,150.165.13.86,51991,3,332.0-333.0,101851890,814815120,0.061,11850,81137,14.605,0
20191213143440,189.40.186.130,5001,150.165.13.86,51991,3,333.0-334.0,101365320,810922560,0.062,12138,81094,14.968,0
20191213143441,189.40.186.130,5001,150.165.13.86,51991,3,334.0-335.0,102325230,818601840,0.061,11395,81004,14.067,0
20191213143442,189.40.186.130,5001,150.165.13.86,51991,3,335.0-336.0,101801910,814415280,0.311,11882,81135,14.645,0
20191213143443,189.40.186.130,5001,150.165.13.86,51991,3,336.0-337.0,102445770,819566160,0.060,11333,81024,13.987,0
20191213143444,189.40.186.130,5001,150.165.13.86,51991,3,337.0-338.0,101801910,814415280,0.075,11935,81188,14.700,0
20191213143445,189.40.186.130,5001,150.165.13.86,51991,3,338.0-339.0,101250660,810005280,0.046,12091,80969,14.933,0
20191213143446,189.40.186.130,5001,150.165.13.86,51991,3,339.0-340.0,102930870,823446960,0.070,11605,81626,14.217,422
20191213143447,189.40.186.130,5001,150.165.13.86,51991,3,340.0-341.0,101963610,815708880,0.006,11232,80595,13.936,0
20191213143448,189.40.186.130,5001,150.165.13.86,51991,3,341.0-342.0,101582880,812663040,0.290,11982,81086,14.777,0
20191213143449,189.40.186.130,5001,150.165.13.86,51991,3,342.0-343.0,102325230,818601840,0.012,11384,80993,14.056,0
20191213143450,189.40.186.130,5001,150.165.13.86,51991,3,343.0-344.0,100902270,807218160,0.066,12574,81215,15.482,0
20191213143451,189.40.186.130,5001,150.165.13.86,51991,3,344.0-345.0,99192660,793541280,0.021,13572,81050,16.745,0
20191213143452,189.40.186.130,5001,150.165.13.86,51991,3,345.0-346.0,99036840,792294720,0.022,13711,81083,16.910,0
20191213143453,189.40.186.130,5001,150.165.13.86,51991,3,346.0-347.0,100969890,807759120,0.065,12409,81096,15.302,0
20191213143454,189.40.186.130,5001,150.165.13.86,51991,3,347.0-348.0,101088960,808711680,0.070,12255,81023,15.125,0
20191213143455,189.40.186.130,5001,150.165.13.86,51991,3,348.0-349.0,102460470,819683760,0.073,11404,81105,14.061,0
20191213143456,189.40.186.130,5001,150.165.13.86,51991,3,349.0-350.0,101841600,814732800,0.058,11916,81196,14.676,0
20191213143457,189.40.186.130,5001,150.165.13.86,51991,3,350.0-351.0,101794560,814356480,0.063,11815,81063,14.575,0
20191213143458,189.40.186.130,5001,150.165.13.86,51991,3,351.0-352.0,101109540,808876320,0.004,12304,81086,15.174,0
20191213143459,189.40.186.130,5001,150.165.13.86,51991,3,352.0-353.0,101360910,810887280,0.006,12092,81045,14.920,0
20191213143500,189.40.186.130,5001,150.165.13.86,51991,3,353.0-354.0,101913630,815309040,0.005,11838,81167,14.585,0
20191213143501,189.40.186.130,5001,150.165.13.86,51991,3,354.0-355.0,101355030,810840240,0.063,12096,81045,14.925,0
20191213143502,189.40.186.130,5001,150.165.13.86,51991,3,355.0-356.0,101168340,809346720,0.071,12141,80963,14.996,0
20191213143503,189.40.186.130,5001,150.165.13.86,51991,3,356.0-357.0,102079740,816637920,0.061,11815,81257,14.540,0
20191213143504,189.40.186.130,5001,150.165.13.86,51991,3,357.0-358.0,101481450,811851600,0.055,12005,81040,14.814,0
20191213143505,189.40.186.130,5001,150.165.13.86,51991,3,358.0-359.0,101249190,809993520,0.005,12004,80881,14.842,0
20191213143506,189.40.186.130,5001,150.165.13.86,51991,3,359.0-360.0,102289950,818319600,0.310,11397,80982,14.073,0
20191213143507,189.40.186.130,5001,150.165.13.86,51991,3,360.0-361.0,101368260,810946080,0.006,12307,81265,15.144,0
20191213143508,189.40.186.130,5001,150.165.13.86,51991,3,361.0-362.0,101409420,811275360,0.043,12012,80998,14.830,0
20191213143509,189.40.186.130,5001,150.165.13.86,51991,3,362.0-363.0,101360910,810887280,0.065,12160,81113,14.991,0
20191213143510,189.40.186.130,5001,150.165.13.86,51991,3,363.0-364.0,100934610,807476880,0.004,12307,80970,15.199,0
20191213143511,189.40.186.130,5001,150.165.13.86,51991,3,364.0-365.0,100818480,806547840,0.061,12667,81251,15.590,0
20191213143512,189.40.186.130,5001,150.165.13.86,51991,3,365.0-366.0,101080140,808641120,0.072,12421,81183,15.300,0
20191213143513,189.40.186.130,5001,150.165.13.86,51991,3,366.0-367.0,101487330,811898640,0.061,12150,81189,14.965,0
20191213143514,189.40.186.130,5001,150.165.13.86,51991,3,367.0-368.0,101016930,808135440,0.017,12346,81065,15.230,0
20191213143515,189.40.186.130,5001,150.165.13.86,51991,3,368.0-369.0,102100320,816802560,0.069,11607,81063,14.318,0
20191213143516,189.40.186.130,5001,150.165.13.86,51991,3,369.0-370.0,101929800,815438400,0.065,11685,81025,14.421,0
20191213143517,189.40.186.130,5001,150.165.13.86,51991,3,370.0-371.0,100764090,806112720,0.007,12633,81180,15.562,0
20191213143518,189.40.186.130,5001,150.165.13.86,51991,3,371.0-372.0,100674420,805395360,0.067,12609,81095,15.548,0
20191213143519,189.40.186.130,5001,150.165.13.86,51991,3,372.0-373.0,101235960,809887680,0.156,12248,81116,15.099,0
20191213143520,189.40.186.130,5001,150.165.13.86,51991,3,373.0-374.0,101266830,810134640,0.064,12192,81081,15.037,0
20191213143521,189.40.186.130,5001,150.165.13.86,51991,3,374.0-375.0,100815540,806524320,0.068,12540,81122,15.458,0
20191213143522,189.40.186.130,5001,150.165.13.86,51991,3,375.0-376.0,101283000,810264000,0.059,12185,81085,15.027,0
20191213143523,189.40.186.130,5001,150.165.13.86,51991,3,376.0-377.0,101509380,812075040,0.071,12001,81055,14.806,0
20191213143524,189.40.186.130,5001,150.165.13.86,51991,3,377.0-378.0,101343270,810746160,0.013,12198,81139,15.033,0
20191213143525,189.40.186.130,5001,150.165.13.86,51991,3,378.0-379.0,100324560,802596480,0.018,12818,81066,15.812,0
20191213143526,189.40.186.130,5001,150.165.13.86,51991,3,379.0-380.0,100814070,806512560,0.019,12516,81097,15.433,0
20191213143527,189.40.186.130,5001,150.165.13.86,51991,3,380.0-381.0,101532900,812263200,0.013,11982,81052,14.783,0
20191213143528,189.40.186.130,5001,150.165.13.86,51991,3,381.0-382.0,102826500,822612000,0.029,11190,81140,13.791,0
20191213143529,189.40.186.130,5001,150.165.13.86,51991,3,382.0-383.0,102175290,817402320,0.004,11512,81019,14.209,0
20191213143530,189.40.186.130,5001,150.165.13.86,51991,3,383.0-384.0,101593170,812745360,0.060,12049,81160,14.846,0
20191213143531,189.40.186.130,5001,150.165.13.86,51991,3,384.0-385.0,100769970,806159760,0.070,12499,81050,15.421,0
20191213143532,189.40.186.130,5001,150.165.13.86,51991,3,385.0-386.0,101756340,814050720,0.007,11880,81102,14.648,0
20191213143533,189.40.186.130,5001,150.165.13.86,51991,3,386.0-387.0,101405010,811240080,0.297,12129,81112,14.953,0
20191213143534,189.40.186.130,5001,150.165.13.86,51991,3,387.0-388.0,100836120,806688960,0.061,12386,80982,15.295,0
20191213143535,189.40.186.130,5001,150.165.13.86,51991,3,388.0-389.0,101453520,811628160,0.060,12108,81124,14.925,0
20191213143536,189.40.186.130,5001,150.165.13.86,51991,3,389.0-390.0,102163530,817308240,0.063,11638,81137,14.344,0
20191213143537,189.40.186.130,5001,150.165.13.86,51991,3,390.0-391.0,101058090,808464720,0.061,12334,81081,15.212,0
20191213143538,189.40.186.130,5001,150.165.13.86,51991,3,391.0-392.0,100550940,804407520,0.062,12623,81025,15.579,0
20191213143539,189.40.186.130,5001,150.165.13.86,51991,3,392.0-393.0,101954790,815638320,0.004,11859,81216,14.602,0
20191213143540,189.40.186.130,5001,150.165.13.86,51991,3,393.0-394.0,99521940,796175520,0.021,13004,80706,16.113,0
20191213143541,189.40.186.130,5001,150.165.13.86,51991,3,394.0-395.0,99807120,798456960,0.004,13180,81076,16.256,0
20191213143542,189.40.186.130,5001,150.165.13.86,51991,3,395.0-396.0,99471960,795775680,0.064,13540,81208,16.673,0
20191213143543,189.40.186.130,5001,150.165.13.86,51991,3,396.0-397.0,100969890,807759120,0.037,12451,81138,15.345,0
20191213143544,189.40.186.130,5001,150.165.13.86,51991,3,397.0-398.0,101252130,810017040,0.061,12112,80991,14.955,0
20191213143545,189.40.186.130,5001,150.165.13.86,51991,3,398.0-399.0,101163930,809311440,0.033,12365,81184,15.231,0
20191213143546,189.40.186.130,5001,150.165.13.86,51991,3,399.0-400.0,101450580,811604640,0.011,12206,81220,15.028,0
20191213143547,189.40.186.130,5001,150.165.13.86,51991,3,400.0-401.0,101869530,814956240,0.064,11765,81064,14.513,0
20191213143548,189.40.186.130,5001,150.165.13.86,51991,3,401.0-402.0,101947440,815579520,0.006,11784,81136,14.524,0
20191213143549,189.40.186.130,5001,150.165.13.86,51991,3,402.0-403.0,101209500,809676000,0.066,12215,81065,15.068,0
20191213143550,189.40.186.130,5001,150.165.13.86,51991,3,403.0-404.0,101895990,815167920,0.004,11803,81120,14.550,0
20191213143551,189.40.186.130,5001,150.165.13.86,51991,3,404.0-405.0,102309060,818472480,0.061,11594,81192,14.280,0
20191213143552,189.40.186.130,5001,150.165.13.86,51991,3,405.0-406.0,102394320,819154560,0.142,11353,81009,14.014,0
20191213143553,189.40.186.130,5001,150.165.13.86,51991,3,406.0-407.0,102451650,819613200,0.063,11386,81081,14.043,0
20191213143554,189.40.186.130,5001,150.165.13.86,51991,3,407.0-408.0,102655980,821247840,0.019,11310,81144,13.938,0
20191213143555,189.40.186.130,5001,150.165.13.86,51991,3,408.0-409.0,101488800,811910400,0.014,12033,81073,14.842,0
20191213143556,189.40.186.130,5001,150.165.13.86,51991,3,409.0-410.0,101272710,810181680,0.005,12250,81143,15.097,0
20191213143557,189.40.186.130,5001,150.165.13.86,51991,3,410.0-411.0,100401000,803208000,0.057,12709,81009,15.688,0
20191213143558,189.40.186.130,5001,150.165.13.86,51991,3,411.0-412.0,101724000,813792000,0.072,11958,81158,14.734,0
20191213143559,189.40.186.130,5001,150.165.13.86,51991,3,412.0-413.0,101474100,811792800,0.059,12003,81033,14.812,0
20191213143600,189.40.186.130,5001,150.165.13.86,51991,3,413.0-414.0,102094440,816755520,0.067,11686,81138,14.403,0
20191213143601,189.40.186.130,5001,150.165.13.86,51991,3,414.0-415.0,102197340,817578720,0.066,11559,81081,14.256,0
20191213143602,189.40.186.130,5001,150.165.13.86,51991,3,415.0-416.0,101309460,810475680,0.059,12171,81089,15.009,0
20191213143603,189.40.186.130,5001,150.165.13.86,51991,3,416.0-417.0,101369730,810957840,0.094,12041,81000,14.865,0
20191213143604,189.40.186.130,5001,150.165.13.86,51991,3,417.0-418.0,102411960,819295680,0.129,11417,81085,14.080,0
20191213143605,189.40.186.130,5001,150.165.13.86,51991,3,418.0-419.0,102120900,816967200,0.025,11664,81134,14.376,0
20191213143606,189.40.186.130,5001,150.165.13.86,51991,3,419.0-420.0,101156580,809252640,0.065,12285,81099,15.148,0
20191213143607,189.40.186.130,5001,150.165.13.86,51991,3,420.0-421.0,101757810,814062480,0.061,11940,81163,14.711,0
20191213143608,189.40.186.130,5001,150.165.13.86,51991,3,421.0-422.0,102140010,817120080,0.061,11517,81000,14.219,0
20191213143609,189.40.186.130,5001,150.165.13.86,51991,3,422.0-423.0,102508980,820071840,0.058,11383,81117,14.033,0
20191213143610,189.40.186.130,5001,150.165.13.86,51991,3,423.0-424.0,102112080,816896640,0.061,11624,81088,14.335,0
20191213143611,189.40.186.130,5001,150.165.13.86,51991,3,424.0-425.0,100120230,800961840,0.056,12905,81014,15.929,0
20191213143612,189.40.186.130,5001,150.165.13.86,51991,3,425.0-426.0,101729880,813839040,0.059,11899,81103,14.671,0
20191213143613,189.40.186.130,5001,150.165.13.86,51991,3,426.0-427.0,101143350,809146800,0.206,12252,81057,15.115,0
20191213143614,189.40.186.130,5001,150.165.13.86,51991,3,427.0-428.0,101704890,813639120,0.059,12023,81210,14.805,0
20191213143615,189.40.186.130,5001,150.165.13.86,51991,3,428.0-429.0,101728410,813827280,0.025,11776,80979,14.542,0
20191213143616,189.40.186.130,5001,150.165.13.86,51991,3,429.0-430.0,101233020,809864160,0.066,12293,81159,15.147,0
20191213143617,189.40.186.130,5001,150.165.13.86,51991,3,430.0-431.0,101687250,813498000,0.066,11802,80977,14.575,0
20191213143618,189.40.186.130,5001,150.165.13.86,51991,3,431.0-432.0,101166870,809334960,0.007,12471,81292,15.341,0
20191213143619,189.40.186.130,5001,150.165.13.86,51991,3,432.0-433.0,100443630,803549040,0.072,12725,81054,15.699,0
20191213143620,189.40.186.130,5001,150.165.13.86,51991,3,433.0-434.0,101616690,812933520,0.059,11896,81023,14.682,0
20191213143621,189.40.186.130,5001,150.165.13.86,51991,3,434.0-435.0,101475570,811804560,0.023,12056,81087,14.868,0
20191213143622,189.40.186.130,5001,150.165.13.86,51991,3,435.0-436.0,101631390,813051120,0.064,11920,81057,14.706,0
20191213143623,189.40.186.130,5001,150.165.13.86,51991,3,436.0-437.0,101537310,812298480,0.006,12108,81181,14.915,0
20191213143624,189.40.186.130,5001,150.165.13.86,51991,3,437.0-438.0,100742040,805936320,0.007,12456,80988,15.380,0
20191213143625,189.40.186.130,5001,150.165.13.86,51991,3,438.0-439.0,99566040,796528320,0.063,13375,81107,16.491,0
20191213143626,189.40.186.130,5001,150.165.13.86,51991,3,439.0-440.0,100437750,803502000,0.020,12772,81097,15.749,0
20191213143627,189.40.186.130,5001,150.165.13.86,51991,3,440.0-441.0,100533300,804266400,0.061,12721,81111,15.683,0
20191213143628,189.40.186.130,5001,150.165.13.86,51991,3,441.0-442.0,100089360,800714880,0.067,13050,81138,16.084,0
20191213143629,189.40.186.130,5001,150.165.13.86,51991,3,442.0-443.0,100799370,806394960,0.060,12535,81106,15.455,0
20191213143630,189.40.186.130,5001,150.165.13.86,51991,3,443.0-444.0,100936080,807488640,0.065,12277,80941,15.168,0
20191213143631,189.40.186.130,5001,150.165.13.86,51991,3,444.0-445.0,100498020,803984160,0.077,12815,81181,15.786,0
20191213143632,189.40.186.130,5001,150.165.13.86,51991,3,445.0-446.0,101700480,813603840,0.129,11908,81092,14.685,0
20191213143633,189.40.186.130,5001,150.165.13.86,51991,3,446.0-447.0,102764760,822118080,0.063,11150,81058,13.756,0
20191213143634,189.40.186.130,5001,150.165.13.86,51991,3,447.0-448.0,102363450,818907600,0.006,11535,81170,14.211,0
20191213143635,189.40.186.130,5001,150.165.13.86,51991,3,448.0-449.0,101724000,813792000,0.006,11774,80974,14.540,0
20191213143636,189.40.186.130,5001,150.165.13.86,51991,3,449.0-450.0,101603460,812827680,0.005,12006,81124,14.800,0
20191213143637,189.40.186.130,5001,150.165.13.86,51991,3,450.0-451.0,101438820,811510560,0.009,12087,81093,14.905,0
20191213143638,189.40.186.130,5001,150.165.13.86,51991,3,451.0-452.0,101122770,808982160,0.065,12326,81117,15.195,0
20191213143639,189.40.186.130,5001,150.165.13.86,51991,3,452.0-453.0,101622570,812980560,0.010,11970,81101,14.759,0
20191213143640,189.40.186.130,5001,150.165.13.86,51991,3,453.0-454.0,101504970,812039760,0.021,12008,81059,14.814,0
20191213143641,189.40.186.130,5001,150.165.13.86,51991,3,454.0-455.0,100964010,807712080,0.020,12360,81043,15.251,0
20191213143642,189.40.186.130,5001,150.165.13.86,51991,3,455.0-456.0,100556820,804454560,0.008,12701,81107,15.660,0
20191213143643,189.40.186.130,5001,150.165.13.86,51991,3,456.0-457.0,102276720,818213760,0.037,11469,81045,14.151,0
20191213143644,189.40.186.130,5001,150.165.13.86,51991,3,457.0-458.0,102188520,817508160,0.005,11585,81101,14.285,0
20191213143645,189.40.186.130,5001,150.165.13.86,51991,3,458.0-459.0,101928330,815426640,0.076,11754,81093,14.494,0
20191213143646,189.40.186.130,5001,150.165.13.86,51991,3,459.0-460.0,101928330,815426640,0.009,11827,81166,14.571,0
20191213143647,189.40.186.130,5001,150.165.13.86,51991,3,460.0-461.0,101453520,811628160,0.063,12042,81058,14.856,0
20191213143648,189.40.186.130,5001,150.165.13.86,51991,3,461.0-462.0,102675090,821400720,0.063,11201,81048,13.820,0
20191213143649,189.40.186.130,5001,150.165.13.86,51991,3,462.0-463.0,102073860,816590880,0.070,11554,80992,14.266,0
20191213143650,189.40.186.130,5001,150.165.13.86,51991,3,463.0-464.0,102494280,819954240,0.063,11435,81159,14.090,0
20191213143651,189.40.186.130,5001,150.165.13.86,51991,3,464.0-465.0,102041520,816332160,0.009,11793,81209,14.522,0
20191213143652,189.40.186.130,5001,150.165.13.86,51991,3,465.0-466.0,100680300,805442400,0.214,12591,81081,15.529,0
20191213143653,189.40.186.130,5001,150.165.13.86,51991,3,466.0-467.0,102213510,817708080,0.060,11527,81060,14.220,0
20191213143654,189.40.186.130,5001,150.165.13.86,51991,3,467.0-468.0,102647160,821177280,0.061,11321,81149,13.951,0
20191213143655,189.40.186.130,5001,150.165.13.86,51991,3,468.0-469.0,100514190,804113520,0.057,12641,81018,15.603,0
20191213143656,189.40.186.130,5001,150.165.13.86,51991,3,469.0-470.0,100536240,804289920,0.200,12718,81110,15.680,0
20191213143657,189.40.186.130,5001,150.165.13.86,51991,3,470.0-471.0,101669610,813356880,0.005,11896,81059,14.676,0
20191213143658,189.40.186.130,5001,150.165.13.86,51991,3,471.0-472.0,102385500,819084000,0.062,11417,81067,14.083,0
20191213143659,189.40.186.130,5001,150.165.13.86,51991,3,472.0-473.0,101726940,813815520,0.068,12017,81219,14.796,0
20191213143700,189.40.186.130,5001,150.165.13.86,51991,3,473.0-474.0,103055820,824446560,0.060,10897,81003,13.453,0
20191213143701,189.40.186.130,5001,150.165.13.86,51991,3,474.0-475.0,101459400,811675200,0.005,12073,81093,14.888,0
20191213143702,189.40.186.130,5001,150.165.13.86,51991,3,475.0-476.0,102354630,818837040,0.064,11498,81127,14.173,0
20191213143703,189.40.186.130,5001,150.165.13.86,51991,3,476.0-477.0,101397660,811181280,0.004,12040,81018,14.861,0
20191213143704,189.40.186.130,5001,150.165.13.86,51991,3,477.0-478.0,101954790,815638320,0.071,11893,81250,14.638,0
20191213143705,189.40.186.130,5001,150.165.13.86,51991,3,478.0-479.0,100321620,802572960,0.063,12776,81022,15.769,0
20191213143706,189.40.186.130,5001,150.165.13.86,51991,3,479.0-480.0,101296230,810369840,0.011,12166,81075,15.006,0
20191213143707,189.40.186.130,5001,150.165.13.86,51991,3,480.0-481.0,101590230,812721840,0.065,12031,81140,14.827,0
20191213143708,189.40.186.130,5001,150.165.13.86,51991,3,481.0-482.0,101384430,811075440,0.023,12045,81014,14.868,0
20191213143709,189.40.186.130,5001,150.165.13.86,51991,3,482.0-483.0,101709300,813674400,0.070,11953,81143,14.731,0
20191213143710,189.40.186.130,5001,150.165.13.86,51991,3,483.0-484.0,101716650,813733200,0.234,11778,80973,14.546,0
20191213143711,189.40.186.130,5001,150.165.13.86,51991,3,484.0-485.0,101424120,811392960,0.005,12213,81209,15.039,0
20191213143712,189.40.186.130,5001,150.165.13.86,51991,3,485.0-486.0,100850820,806806560,0.006,12508,81114,15.420,0
20191213143713,189.40.186.130,5001,150.165.13.86,51991,3,486.0-487.0,101615220,812921760,0.016,11905,81031,14.692,0
20191213143714,189.40.186.130,5001,150.165.13.86,51991,3,487.0-488.0,101697540,813580320,0.006,11940,81122,14.719,0
20191213143715,189.40.186.130,5001,150.165.13.86,51991,3,488.0-489.0,101922450,815379600,0.006,11713,81048,14.452,0
20191213143716,189.40.186.130,5001,150.165.13.86,51991,3,489.0-490.0,102253200,818025600,0.064,11544,81104,14.234,0
20191213143717,189.40.186.130,5001,150.165.13.86,51991,3,490.0-491.0,101844540,814756320,0.028,11793,81075,14.546,0
20191213143718,189.40.186.130,5001,150.165.13.86,51991,3,491.0-492.0,101413830,811310640,0.064,12087,81076,14.908,0
20191213143719,189.40.186.130,5001,150.165.13.86,51991,3,492.0-493.0,102444300,819554400,0.034,11452,81142,14.114,0
20191213143720,189.40.186.130,5001,150.165.13.86,51991,3,493.0-494.0,101463810,811710480,0.007,11981,81004,14.791,0
20191213143721,189.40.186.130,5001,150.165.13.86,51991,3,494.0-495.0,100730280,805842240,0.057,12550,81074,15.480,0
20191213143722,189.40.186.130,5001,150.165.13.86,51991,3,495.0-496.0,101635800,813086400,0.029,12038,81178,14.829,0
20191213143723,189.40.186.130,5001,150.165.13.86,51991,3,496.0-497.0,102247320,817978560,0.021,11472,81028,14.158,0
20191213143724,189.40.186.130,5001,150.165.13.86,51991,3,497.0-498.0,102992610,823940880,0.005,11103,81166,13.679,0
20191213143725,189.40.186.130,5001,150.165.13.86,51991,3,498.0-499.0,101452050,811616400,0.008,12018,81033,14.831,0
20191213143726,189.40.186.130,5001,150.165.13.86,51991,3,499.0-500.0,102116490,816931920,0.068,11693,81160,14.407,0
20191213143727,189.40.186.130,5001,150.165.13.86,51991,3,500.0-501.0,101718120,813744960,0.009,11828,81024,14.598,0
20191213143728,189.40.186.130,5001,150.165.13.86,51991,3,501.0-502.0,102955860,823646880,0.066,11125,81163,13.707,0
20191213143729,189.40.186.130,5001,150.165.13.86,51991,3,502.0-503.0,102301710,818413680,0.167,11406,80999,14.082,0
20191213143730,189.40.186.130,5001,150.165.13.86,51991,3,503.0-504.0,101056620,808452960,0.066,12414,81160,15.296,0
20191213143731,189.40.186.130,5001,150.165.13.86,51991,3,504.0-505.0,100915500,807324000,0.036,12353,81003,15.250,0
20191213143732,189.40.186.130,5001,150.165.13.86,51991,3,505.0-506.0,101437350,811498800,0.191,12131,81136,14.951,0
20191213143733,189.40.186.130,5001,150.165.13.86,51991,3,506.0-507.0,102660390,821283120,0.286,11198,81035,13.819,0
20191213143734,189.40.186.130,5001,150.165.13.86,51991,3,507.0-508.0,101929800,815438400,0.064,11796,81136,14.539,0
20191213143735,189.40.186.130,5001,150.165.13.86,51991,3,508.0-509.0,102037110,816296880,0.120,11678,81091,14.401,0
20191213143736,189.40.186.130,5001,150.165.13.86,51991,3,509.0-510.0,101335920,810687360,0.054,12268,81204,15.108,0
20191213143737,189.40.186.130,5001,150.165.13.86,51991,3,510.0-511.0,100827300,806618400,0.062,12321,80911,15.228,0
20191213143738,189.40.186.130,5001,150.165.13.86,51991,3,511.0-512.0,101541720,812333760,0.064,12078,81154,14.883,0
20191213143739,189.40.186.130,5001,150.165.13.86,51991,3,512.0-513.0,101106600,808852800,0.064,12316,81096,15.187,0
20191213143740,189.40.186.130,5001,150.165.13.86,51991,3,513.0-514.0,101102190,808817520,0.005,12370,81147,15.244,0
20191213143741,189.40.186.130,5001,150.165.13.86,51991,3,514.0-515.0,102732420,821859360,0.061,11203,81089,13.816,0
20191213143742,189.40.186.130,5001,150.165.13.86,51991,3,515.0-516.0,101707830,813662640,0.063,11752,80941,14.519,0
20191213143743,189.40.186.130,5001,150.165.13.86,51991,3,516.0-517.0,101409420,811275360,0.125,12168,81154,14.994,0
20191213143744,189.40.186.130,5001,150.165.13.86,51991,3,517.0-518.0,101175690,809405520,0.027,12291,81118,15.152,0
20191213143745,189.40.186.130,5001,150.165.13.86,51991,3,518.0-519.0,100431870,803454960,0.061,12817,81138,15.797,0
20191213143746,189.40.186.130,5001,150.165.13.86,51991,3,519.0-520.0,101684310,813474480,0.073,11873,81046,14.650,0
20191213143747,189.40.186.130,5001,150.165.13.86,51991,3,520.0-521.0,101920980,815367840,0.013,11710,81044,14.449,0
20191213143748,189.40.186.130,5001,150.165.13.86,51991,3,521.0-522.0,102842670,822741360,0.014,10996,80957,13.583,0
20191213143749,189.40.186.130,5001,150.165.13.86,51991,3,522.0-523.0,102654510,821236080,0.004,11499,81332,14.138,0
20191213143750,189.40.186.130,5001,150.165.13.86,51991,3,523.0-524.0,101416770,811334160,0.064,12053,81044,14.872,0
20191213143751,189.40.186.130,5001,150.165.13.86,51991,3,524.0-525.0,101834250,814674000,0.169,11758,81033,14.510,0
20191213143752,189.40.186.130,5001,150.165.13.86,51991,3,525.0-526.0,102442830,819542640,0.062,11460,81149,14.122,0
20191213143753,189.40.186.130,5001,150.165.13.86,51991,3,526.0-527.0,101138940,809111520,0.056,12253,81055,15.117,0
20191213143754,189.40.186.130,5001,150.165.13.86,51991,3,527.0-528.0,101856300,814850400,0.010,11852,81142,14.606,0
20191213143755,189.40.186.130,5001,150.165.13.86,51991,3,528.0-529.0,101559360,812474880,0.060,11939,81027,14.735,0
20191213143756,189.40.186.130,5001,150.165.13.86,51991,3,529.0-530.0,102160590,817284720,0.062,11592,81089,14.295,0
20191213143757,189.40.186.130,5001,150.165.13.86,51991,3,530.0-531.0,103421850,827374800,0.008,10763,81118,13.268,0
20191213143758,189.40.186.130,5001,150.165.13.86,51991,3,531.0-532.0,102013590,816108720,0.071,11741,81138,14.470,0
20191213143759,189.40.186.130,5001,150.165.13.86,51991,3,532.0-533.0,101325630,810605040,0.050,11958,80887,14.784,0
20191213143800,189.40.186.130,5001,150.165.13.86,51991,3,533.0-534.0,102777990,822223920,0.066,11234,81151,13.843,0
20191213143801,189.40.186.130,5001,150.165.13.86,51991,3,534.0-535.0,103039650,824317200,0.057,11077,81172,13.646,0
20191213143802,189.40.186.130,5001,150.165.13.86,51991,3,535.0-536.0,101512320,812098560,0.011,12039,81095,14.846,0
20191213143803,189.40.186.130,5001,150.165.13.86,51991,3,536.0-537.0,102231150,817849200,0.005,11434,80979,14.120,0
20191213143804,189.40.186.130,5001,150.165.13.86,51991,3,537.0-538.0,102104730,816837840,0.059,11658,81117,14.372,0
20191213143805,189.40.186.130,5001,150.165.13.86,51991,3,538.0-539.0,102495750,819966000,0.004,11285,81010,13.930,0
20191213143806,189.40.186.130,5001,150.165.13.86,51991,3,539.0-540.0,101143350,809146800,0.007,12266,81071,15.130,0
20191213143807,189.40.186.130,5001,150.165.13.86,51991,3,540.0-541.0,101950380,815603040,0.068,11711,81065,14.446,0
20191213143808,189.40.186.130,5001,150.165.13.86,51991,3,541.0-542.0,102660390,821283120,0.053,11275,81112,13.901,0
20191213143809,189.40.186.130,5001,150.165.13.86,51991,3,542.0-543.0,101865120,814920960,0.008,11727,81023,14.474,0
20191213143810,189.40.186.130,5001,150.165.13.86,51991,3,543.0-544.0,103176360,825410880,0.063,10942,81130,13.487,0
20191213143811,189.40.186.130,5001,150.165.13.86,51991,3,544.0-545.0,102222330,817778640,0.071,11596,81135,14.292,0
20191213143812,189.40.186.130,5001,150.165.13.86,51991,3,545.0-546.0,102048870,816390960,0.006,11634,81055,14.353,0
20191213143813,189.40.186.130,5001,150.165.13.86,51991,3,546.0-547.0,102085620,816684960,0.078,11790,81236,14.513,0
20191213143814,189.40.186.130,5001,150.165.13.86,51991,3,547.0-548.0,102176760,817414080,0.028,11514,81022,14.211,0
20191213143815,189.40.186.130,5001,150.165.13.86,51991,3,548.0-549.0,101624040,812992320,0.067,12054,81186,14.847,0
20191213143816,189.40.186.130,5001,150.165.13.86,51991,3,549.0-550.0,102660390,821283120,0.059,11220,81057,13.842,0
20191213143817,189.40.186.130,5001,150.165.13.86,51991,3,550.0-551.0,103032300,824258400,0.020,10983,81073,13.547,0
20191213143818,189.40.186.130,5001,150.165.13.86,51991,3,551.0-552.0,102004770,816038160,0.069,11710,81101,14.439,0
20191213143819,189.40.186.130,5001,150.165.13.86,51991,3,552.0-553.0,101402070,811216560,0.004,12081,81062,14.903,0
20191213143820,189.40.186.130,5001,150.165.13.86,51991,3,553.0-554.0,100742040,805936320,0.203,12533,81065,15.460,0
20191213143821,189.40.186.130,5001,150.165.13.86,51991,3,554.0-555.0,100752330,806018640,0.073,12614,81153,15.543,0
20191213143822,189.40.186.130,5001,150.165.13.86,51991,3,555.0-556.0,101025750,808206000,0.171,12279,81004,15.159,0
20191213143823,189.40.186.130,5001,150.165.13.86,51991,3,556.0-557.0,102045930,816367440,0.062,11625,81044,14.344,0
20191213143824,189.40.186.130,5001,150.165.13.86,51991,3,557.0-558.0,101537310,812298480,0.060,12144,81217,14.953,0
20191213143825,189.40.186.130,5001,150.165.13.86,51991,3,558.0-559.0,101741640,813933120,0.059,11873,81085,14.643,0
20191213143826,189.40.186.130,5001,150.165.13.86,51991,3,559.0-560.0,102776520,822212160,0.058,11108,81024,13.710,0
20191213143827,189.40.186.130,5001,150.165.13.86,51991,3,560.0-561.0,101443230,811545840,0.038,12094,81103,14.912,0
20191213143828,189.40.186.130,5001,150.165.13.86,51991,3,561.0-562.0,102563370,820506960,0.007,11358,81129,14.000,0
20191213143829,189.40.186.130,5001,150.165.13.86,51991,3,562.0-563.0,102007710,816061680,0.060,11644,81037,14.369,0
20191213143830,189.40.186.130,5001,150.165.13.86,51991,3,563.0-564.0,102314940,818519520,0.059,11571,81173,14.255,0
20191213143831,189.40.186.130,5001,150.165.13.86,51991,3,564.0-565.0,100571520,804572160,0.063,12668,81084,15.623,0
20191213143832,189.40.186.130,5001,150.165.13.86,51991,3,565.0-566.0,101482920,811863360,0.045,11730,80766,14.523,0
20191213143833,189.40.186.130,5001,150.165.13.86,51991,3,566.0-567.0,101871000,814968000,0.060,12037,81337,14.799,0
20191213143834,189.40.186.130,5001,150.165.13.86,51991,3,567.0-568.0,101810730,814485840,0.064,11799,81058,14.556,0
20191213143835,189.40.186.130,5001,150.165.13.86,51991,3,568.0-569.0,101687250,813498000,0.064,11975,81150,14.757,0
20191213143836,189.40.186.130,5001,150.165.13.86,51991,3,569.0-570.0,102841200,822729600,0.035,11045,81005,13.635,0
20191213143837,189.40.186.130,5001,150.165.13.86,51991,3,570.0-571.0,102219390,817755120,0.005,11693,81230,14.395,0
20191213143838,189.40.186.130,5001,150.165.13.86,51991,3,571.0-572.0,103598250,828786000,0.062,10618,81093,13.094,0
20191213143839,189.40.186.130,5001,150.165.13.86,51991,3,572.0-573.0,102385500,819084000,0.006,11373,81023,14.037,0
20191213143840,189.40.186.130,5001,150.165.13.86,51991,3,573.0-574.0,102156180,817249440,0.022,11659,81153,14.367,0
20191213143841,189.40.186.130,5001,150.165.13.86,51991,3,574.0-575.0,102400200,819201600,0.013,11310,80970,13.968,0
20191213143842,189.40.186.130,5001,150.165.13.86,51991,3,575.0-576.0,102595710,820765680,0.057,11314,81107,13.949,0
20191213143843,189.40.186.130,5001,150.165.13.86,51991,3,576.0-577.0,102115020,816920160,0.061,11642,81108,14.354,0
20191213143844,189.40.186.130,5001,150.165.13.86,51991,3,577.0-578.0,102497220,819977760,0.064,11394,81120,14.046,0
20191213143845,189.40.186.130,5001,150.165.13.86,51991,3,578.0-579.0,101703420,813627360,0.004,11939,81125,14.717,0
20191213143846,189.40.186.130,5001,150.165.13.86,51991,3,579.0-580.0,102326700,818613600,0.064,11477,81087,14.154,0
20191213143847,189.40.186.130,5001,150.165.13.86,51991,3,580.0-581.0,101987130,815897040,0.033,11660,81039,14.388,0
20191213143848,189.40.186.130,5001,150.165.13.86,51991,3,581.0-582.0,102363450,818907600,0.371,11577,81212,14.255,0
20191213143849,189.40.186.130,5001,150.165.13.86,51991,3,582.0-583.0,101706360,813650880,0.062,11816,81004,14.587,0
20191213143850,189.40.186.130,5001,150.165.13.86,51991,3,583.0-584.0,101216850,809734800,0.059,12241,81096,15.094,0
20191213143851,189.40.186.130,5001,150.165.13.86,51991,3,584.0-585.0,101997420,815979360,0.059,11633,81019,14.358,0
20191213143852,189.40.186.130,5001,150.165.13.86,51991,3,585.0-586.0,101854830,814838640,0.004,11826,81115,14.579,0
20191213143853,189.40.186.130,5001,150.165.13.86,51991,3,586.0-587.0,101884230,815073840,0.083,11791,81100,14.539,0
20191213143854,189.40.186.130,5001,150.165.13.86,51991,3,587.0-588.0,102101790,816814320,0.005,11604,81061,14.315,0
20191213143855,189.40.186.130,5001,150.165.13.86,51991,3,588.0-589.0,101681370,813450960,0.064,11884,81055,14.662,0
20191213143856,189.40.186.130,5001,150.165.13.86,51991,3,589.0-590.0,102117960,816943680,0.004,11657,81125,14.369,0
20191213143857,189.40.186.130,5001,150.165.13.86,51991,3,590.0-591.0,102726540,821812320,0.007,11218,81100,13.832,0
20191213143858,189.40.186.130,5001,150.165.13.86,51991,3,591.0-592.0,101743110,813944880,0.008,11893,81106,14.664,0
20191213143859,189.40.186.130,5001,150.165.13.86,51991,3,592.0-593.0,101471160,811769280,0.061,12085,81113,14.899,0
20191213143900,189.40.186.130,5001,150.165.13.86,51991,3,593.0-594.0,101472630,811781040,0.008,12009,81038,14.819,0
20191213143901,189.40.186.130,5001,150.165.13.86,51991,3,594.0-595.0,102063570,816508560,0.069,11625,81056,14.342,0
20191213143902,189.40.186.130,5001,150.165.13.86,51991,3,595.0-596.0,101693130,813545040,0.062,11969,81148,14.750,0
20191213143903,189.40.186.130,5001,150.165.13.86,51991,3,596.0-597.0,103070520,824564160,0.063,10941,81057,13.498,0
20191213143904,189.40.186.130,5001,150.165.13.86,51991,3,597.0-598.0,102905880,823247040,0.064,11137,81141,13.725,0
20191213143905,189.40.186.130,5001,150.165.13.86,51991,3,598.0-599.0,101136000,809088000,0.063,12327,81127,15.195,0
20191213143906,189.40.186.130,5001,150.165.13.86,51991,3,0.0-600.0,61085898510,814487747,0.348,7097512,48652545,14.588,422
